Verify	Set up job	﻿2026-10-10T16:49:24.8324908Z Current runner version: '2.337.0'
Verify	Set up job	2026-10-10T16:49:24.8365694Z ##[group]Runner Image Provisioner
Verify	Set up job	2026-10-10T16:49:24.8367172Z Hosted Compute Agent
Verify	Set up job	2026-10-10T16:49:24.8368183Z Version: 20261002.596
Verify	Set up job	2026-10-10T16:49:24.8369520Z Commit: c3d12f3313a95f25162a1503be624f3b0617f8c0
Verify	Set up job	2026-10-10T16:49:24.8370925Z Build Date: 2026-10-02T22:28:27Z
Verify	Set up job	2026-10-10T16:49:24.8372261Z Worker ID: {f600caa6-2be4-4a09-bad1-d35603346ffd}
Verify	Set up job	2026-10-10T16:49:24.8373837Z Region: westcentralus
Verify	Set up job	2026-10-10T16:49:24.8374931Z Cloud: Azure
Verify	Set up job	2026-10-10T16:49:24.8376068Z ##[endgroup]
Verify	Set up job	2026-10-10T16:49:24.8406168Z ##[group]Operating System
Verify	Set up job	2026-10-10T16:49:24.8407511Z Ubuntu
Verify	Set up job	2026-10-10T16:49:24.8408551Z 24.04.5
Verify	Set up job	2026-10-10T16:49:24.8409385Z LTS
Verify	Set up job	2026-10-10T16:49:24.8410439Z ##[endgroup]
Verify	Set up job	2026-10-10T16:49:24.8411455Z ##[group]Runner Image
Verify	Set up job	2026-10-10T16:49:24.8412542Z Image: ubuntu-24.04
Verify	Set up job	2026-10-10T16:49:24.8414172Z Version: 20261004.327.1
Verify	Set up job	2026-10-10T16:49:24.8416144Z Included Software: https://github.com/actions/runner-images/blob/ubuntu24/20261004.327/images/ubuntu/Ubuntu2404-Readme.md
Verify	Set up job	2026-10-10T16:49:24.8419850Z Image Release: https://github.com/actions/runner-images/releases/tag/ubuntu24%2F20261004.327
Verify	Set up job	2026-10-10T16:49:24.8421627Z ##[endgroup]
Verify	Set up job	2026-10-10T16:49:24.8423489Z ##[group]GITHUB_TOKEN Permissions
Verify	Set up job	2026-10-10T16:49:24.8445946Z Contents: read
Verify	Set up job	2026-10-10T16:49:24.8447144Z Metadata: read
Verify	Set up job	2026-10-10T16:49:24.8448115Z ##[endgroup]
Verify	Set up job	2026-10-10T16:49:24.8451458Z Secret source: Actions
Verify	Set up job	2026-10-10T16:49:24.8453215Z Cache mode: write
Verify	Set up job	2026-10-10T16:49:24.8455345Z Prepare workflow directory
Verify	Set up job	2026-10-10T16:49:24.9210414Z Prepare all required actions
Verify	Set up job	2026-10-10T16:49:24.9375627Z Getting action download info
Verify	Set up job	2026-10-10T16:49:25.2547921Z Download action repository 'actions/checkout@v4' (SHA:11d5960a326750d5838078e36cf38b85af677262)
Verify	Set up job	2026-10-10T16:49:25.3745923Z Download action repository 'actions/setup-node@v4' (SHA:49933ea5288caeca8642d1e84afbd3f7d6820020)
Verify	Set up job	2026-10-10T16:49:25.5875593Z Complete job name: Verify
Verify	Check out repository	﻿2026-10-10T16:49:25.6847984Z ##[group]Run actions/checkout@v4
Verify	Check out repository	2026-10-10T16:49:25.6848929Z with:
Verify	Check out repository	2026-10-10T16:49:25.6849417Z   repository: koniz-dev/rns-adopter-trial-2
Verify	Check out repository	2026-10-10T16:49:25.6853266Z   token: ***
Verify	Check out repository	2026-10-10T16:49:25.6853910Z   ssh-strict: true
Verify	Check out repository	2026-10-10T16:49:25.6854364Z   ssh-user: git
Verify	Check out repository	2026-10-10T16:49:25.6854802Z   persist-credentials: true
Verify	Check out repository	2026-10-10T16:49:25.6855284Z   clean: true
Verify	Check out repository	2026-10-10T16:49:25.6855719Z   sparse-checkout-cone-mode: true
Verify	Check out repository	2026-10-10T16:49:25.6856235Z   fetch-depth: 1
Verify	Check out repository	2026-10-10T16:49:25.6856655Z   fetch-tags: false
Verify	Check out repository	2026-10-10T16:49:25.6857087Z   show-progress: true
Verify	Check out repository	2026-10-10T16:49:25.6857527Z   lfs: false
Verify	Check out repository	2026-10-10T16:49:25.6857932Z   submodules: false
Verify	Check out repository	2026-10-10T16:49:25.6858378Z   set-safe-directory: true
Verify	Check out repository	2026-10-10T16:49:25.6858879Z   allow-unsafe-pr-checkout: false
Verify	Check out repository	2026-10-10T16:49:25.6859663Z ##[endgroup]
Verify	Check out repository	2026-10-10T16:49:25.8721100Z Syncing repository: koniz-dev/rns-adopter-trial-2
Verify	Check out repository	2026-10-10T16:49:25.9908186Z ##[group]Getting Git version info
Verify	Check out repository	2026-10-10T16:49:25.9909690Z Working directory is '/home/runner/work/rns-adopter-trial-2/rns-adopter-trial-2'
Verify	Check out repository	2026-10-10T16:49:25.9911610Z [command]/usr/bin/git version
Verify	Check out repository	2026-10-10T16:49:25.9912403Z git version 2.55.0
Verify	Check out repository	2026-10-10T16:49:25.9925456Z ##[endgroup]
Verify	Check out repository	2026-10-10T16:49:25.9932758Z Temporarily overriding HOME='/home/runner/work/_temp/e4d66d56-20b8-4700-af18-228e72d1f279' before making global git config changes
Verify	Check out repository	2026-10-10T16:49:25.9943541Z Adding repository directory to the temporary git global config as a safe directory
Verify	Check out repository	2026-10-10T16:49:25.9946208Z [command]/usr/bin/git config --global --add safe.directory /home/runner/work/rns-adopter-trial-2/rns-adopter-trial-2
Verify	Check out repository	2026-10-10T16:49:25.9949269Z Deleting the contents of '/home/runner/work/rns-adopter-trial-2/rns-adopter-trial-2'
Verify	Check out repository	2026-10-10T16:49:25.9951462Z ##[group]Initializing the repository
Verify	Check out repository	2026-10-10T16:49:25.9952868Z [command]/usr/bin/git init /home/runner/work/rns-adopter-trial-2/rns-adopter-trial-2
Verify	Check out repository	2026-10-10T16:49:25.9955064Z hint: Using 'master' as the name for the initial branch. This default branch name
Verify	Check out repository	2026-10-10T16:49:25.9957039Z hint: will change to "main" in Git 3.0. To configure the initial branch name
Verify	Check out repository	2026-10-10T16:49:25.9958531Z hint: to use in all of your new repositories, which will suppress this warning,
Verify	Check out repository	2026-10-10T16:49:25.9959711Z hint: call:
Verify	Check out repository	2026-10-10T16:49:25.9960338Z hint:
Verify	Check out repository	2026-10-10T16:49:25.9961112Z hint: 	git config --global init.defaultBranch <name>
Verify	Check out repository	2026-10-10T16:49:25.9962084Z hint:
Verify	Check out repository	2026-10-10T16:49:25.9962990Z hint: Names commonly chosen instead of 'master' are 'main', 'trunk' and
Verify	Check out repository	2026-10-10T16:49:25.9965008Z hint: 'development'. The just-created branch can be renamed via this command:
Verify	Check out repository	2026-10-10T16:49:25.9966266Z hint:
Verify	Check out repository	2026-10-10T16:49:25.9966991Z hint: 	git branch -m <name>
Verify	Check out repository	2026-10-10T16:49:25.9967810Z hint:
Verify	Check out repository	2026-10-10T16:49:25.9968903Z hint: Disable this message with "git config set advice.defaultBranchName false"
Verify	Check out repository	2026-10-10T16:49:25.9971091Z Initialized empty Git repository in /home/runner/work/rns-adopter-trial-2/rns-adopter-trial-2/.git/
Verify	Check out repository	2026-10-10T16:49:25.9984904Z [command]/usr/bin/git remote add origin https://github.com/koniz-dev/rns-adopter-trial-2
Verify	Check out repository	2026-10-10T16:49:25.9991687Z ##[endgroup]
Verify	Check out repository	2026-10-10T16:49:25.9994780Z ##[group]Disabling automatic garbage collection
Verify	Check out repository	2026-10-10T16:49:25.9998971Z [command]/usr/bin/git config --local gc.auto 0
Verify	Check out repository	2026-10-10T16:49:26.0006379Z ##[endgroup]
Verify	Check out repository	2026-10-10T16:49:26.0009233Z ##[group]Setting up auth
Verify	Check out repository	2026-10-10T16:49:26.0024056Z [command]/usr/bin/git config --local --name-only --get-regexp core\.sshCommand
Verify	Check out repository	2026-10-10T16:49:26.0027939Z [command]/usr/bin/git submodule foreach --recursive sh -c "git config --local --name-only --get-regexp 'core\.sshCommand' && git config --local --unset-all 'core.sshCommand' || :"
Verify	Check out repository	2026-10-10T16:49:26.0147925Z [command]/usr/bin/git config --local --name-only --get-regexp http\.https\:\/\/github\.com\/\.extraheader
Verify	Check out repository	2026-10-10T16:49:26.0236624Z [command]/usr/bin/git submodule foreach --recursive sh -c "git config --local --name-only --get-regexp 'http\.https\:\/\/github\.com\/\.extraheader' && git config --local --unset-all 'http.https://github.com/.extraheader' || :"
Verify	Check out repository	2026-10-10T16:49:26.0496402Z [command]/usr/bin/git config --local --name-only --get-regexp ^includeIf\.gitdir:
Verify	Check out repository	2026-10-10T16:49:26.0536099Z [command]/usr/bin/git submodule foreach --recursive git config --local --show-origin --name-only --get-regexp remote.origin.url
Verify	Check out repository	2026-10-10T16:49:26.0817829Z [command]/usr/bin/git config --local http.https://github.com/.extraheader AUTHORIZATION: basic ***
Verify	Check out repository	2026-10-10T16:49:26.0874747Z ##[endgroup]
Verify	Check out repository	2026-10-10T16:49:26.0876818Z ##[group]Fetching the repository
Verify	Check out repository	2026-10-10T16:49:26.0888059Z [command]/usr/bin/git -c protocol.version=2 fetch --no-tags --prune --no-recurse-submodules --depth=1 origin +3380f498f0ec86aba2bf1e5ffd26f3876300ab84:refs/remotes/origin/main
Verify	Check out repository	2026-10-10T16:49:26.8085607Z From https://github.com/koniz-dev/rns-adopter-trial-2
Verify	Check out repository	2026-10-10T16:49:26.8100747Z  * [new ref]         3380f498f0ec86aba2bf1e5ffd26f3876300ab84 -> origin/main
Verify	Check out repository	2026-10-10T16:49:26.8106415Z ##[endgroup]
Verify	Check out repository	2026-10-10T16:49:26.8108149Z ##[group]Determining the checkout info
Verify	Check out repository	2026-10-10T16:49:26.8109922Z ##[endgroup]
Verify	Check out repository	2026-10-10T16:49:26.8111035Z [command]/usr/bin/git sparse-checkout disable
Verify	Check out repository	2026-10-10T16:49:26.8324801Z [command]/usr/bin/git config --local --unset-all extensions.worktreeConfig
Verify	Check out repository	2026-10-10T16:49:26.8329213Z ##[group]Checking out the ref
Verify	Check out repository	2026-10-10T16:49:26.8331044Z [command]/usr/bin/git checkout --progress --force -B main refs/remotes/origin/main
Verify	Check out repository	2026-10-10T16:49:26.8484561Z Switched to a new branch 'main'
Verify	Check out repository	2026-10-10T16:49:26.8495134Z branch 'main' set up to track 'origin/main'.
Verify	Check out repository	2026-10-10T16:49:26.8499728Z ##[endgroup]
Verify	Check out repository	2026-10-10T16:49:26.8551618Z [command]/usr/bin/git log -1 --format=%H
Verify	Check out repository	2026-10-10T16:49:26.8588880Z 3380f498f0ec86aba2bf1e5ffd26f3876300ab84
Verify	Set up Node.js	﻿2026-10-10T16:49:26.8931066Z ##[group]Run actions/setup-node@v4
Verify	Set up Node.js	2026-10-10T16:49:26.8931813Z with:
Verify	Set up Node.js	2026-10-10T16:49:26.8932295Z   node-version-file: .nvmrc
Verify	Set up Node.js	2026-10-10T16:49:26.8932835Z   cache: npm
Verify	Set up Node.js	2026-10-10T16:49:26.8933305Z   always-auth: false
Verify	Set up Node.js	2026-10-10T16:49:26.8934051Z   check-latest: false
Verify	Set up Node.js	2026-10-10T16:49:26.8938223Z   token: ***
Verify	Set up Node.js	2026-10-10T16:49:26.8938711Z ##[endgroup]
Verify	Set up Node.js	2026-10-10T16:49:27.0562052Z Resolved .nvmrc as 24
Verify	Set up Node.js	2026-10-10T16:49:27.0655439Z (node:2137) [DEP0040] DeprecationWarning: The `punycode` module is deprecated. Please use a userland alternative instead.
Verify	Set up Node.js	2026-10-10T16:49:27.0657739Z (Use `node --trace-deprecation ...` to show where the warning was created)
Verify	Set up Node.js	2026-10-10T16:49:27.0816541Z Found in cache @ /opt/hostedtoolcache/node/24.21.0/x64
Verify	Set up Node.js	2026-10-10T16:49:27.0819053Z ##[group]Environment details
Verify	Set up Node.js	2026-10-10T16:49:27.7394611Z node: v24.21.0
Verify	Set up Node.js	2026-10-10T16:49:27.7398177Z npm: 11.19.0
Verify	Set up Node.js	2026-10-10T16:49:27.7400072Z yarn: 1.22.22
Verify	Set up Node.js	2026-10-10T16:49:27.7403466Z ##[endgroup]
Verify	Set up Node.js	2026-10-10T16:49:27.7462093Z [command]/opt/hostedtoolcache/node/24.21.0/x64/bin/npm config get cache
Verify	Set up Node.js	2026-10-10T16:49:27.8719994Z /home/runner/.npm
Verify	Set up Node.js	2026-10-10T16:49:28.0869448Z Cache hit for: node-cache-Linux-x64-npm-3bbef70011338b49508a6e09b94e0d6c65f085e94a6336b3c209171cd8315638
Verify	Set up Node.js	2026-10-10T16:49:28.1036611Z (node:2137) [DEP0169] DeprecationWarning: `url.parse()` behavior is not standardized and prone to errors that have security implications. Use the WHATWG URL API instead. CVEs are not issued for `url.parse()` vulnerabilities.
Verify	Set up Node.js	2026-10-10T16:49:29.3074785Z Received 29360128 of 157750935 (18.6%), 28.0 MBs/sec
Verify	Set up Node.js	2026-10-10T16:49:30.3114907Z Received 157750935 of 157750935 (100.0%), 75.2 MBs/sec
Verify	Set up Node.js	2026-10-10T16:49:30.3134580Z Cache Size: ~150 MB (157750935 B)
Verify	Set up Node.js	2026-10-10T16:49:30.3264168Z [command]/usr/bin/tar -xf /home/runner/work/_temp/8a37978e-d114-488d-8cea-e990efae2507/cache.tzst -P -C /home/runner/work/rns-adopter-trial-2/rns-adopter-trial-2 --use-compress-program unzstd
Verify	Set up Node.js	2026-10-10T16:49:30.9323939Z Cache restored successfully
Verify	Set up Node.js	2026-10-10T16:49:30.9415340Z Cache restored from key: node-cache-Linux-x64-npm-3bbef70011338b49508a6e09b94e0d6c65f085e94a6336b3c209171cd8315638
Verify	Install dependencies	﻿2026-10-10T16:49:30.9639307Z ##[group]Run npm ci
Verify	Install dependencies	2026-10-10T16:49:30.9639702Z ^[[36;1mnpm ci^[[0m
Verify	Install dependencies	2026-10-10T16:49:30.9939061Z shell: /usr/bin/bash -e {0}
Verify	Install dependencies	2026-10-10T16:49:30.9939537Z ##[endgroup]
Verify	Install dependencies	2026-10-10T16:49:36.6186963Z npm warn deprecated inflight@1.0.6: This module is not supported, and leaks memory. Do not use it. Check out lru-cache if you want a good and tested way to coalesce async requests by a key value, which is much more comprehensive and powerful.
Verify	Install dependencies	2026-10-10T16:49:36.9090074Z npm warn deprecated abab@2.0.6: Use your platform's native atob() and btoa() methods instead
Verify	Install dependencies	2026-10-10T16:49:36.9500508Z npm warn deprecated glob@7.2.3: Glob versions prior to v9 are no longer supported
Verify	Install dependencies	2026-10-10T16:49:36.9517189Z npm warn deprecated glob@7.2.3: Glob versions prior to v9 are no longer supported
Verify	Install dependencies	2026-10-10T16:49:36.9523845Z npm warn deprecated glob@7.2.3: Glob versions prior to v9 are no longer supported
Verify	Install dependencies	2026-10-10T16:49:36.9547165Z npm warn deprecated glob@7.2.3: Glob versions prior to v9 are no longer supported
Verify	Install dependencies	2026-10-10T16:49:37.3176964Z npm warn deprecated domexception@4.0.0: Use your platform's native DOMException instead
Verify	Install dependencies	2026-10-10T16:49:38.5741496Z npm warn deprecated uuid@7.0.3: uuid@10 and below is no longer supported.  For ESM codebases, update to uuid@latest.  For CommonJS codebases, use uuid@11 (but be aware this version will likely be deprecated in 2028).
Verify	Install dependencies	2026-10-10T16:49:51.6387179Z 
Verify	Install dependencies	2026-10-10T16:49:51.6388476Z added 1067 packages, and audited 1068 packages in 21s
Verify	Install dependencies	2026-10-10T16:49:51.6389703Z 
Verify	Install dependencies	2026-10-10T16:49:51.6390335Z 180 packages are looking for funding
Verify	Install dependencies	2026-10-10T16:49:51.6391344Z   run `npm fund` for details
Verify	Install dependencies	2026-10-10T16:49:51.8387557Z 
Verify	Install dependencies	2026-10-10T16:49:51.8388801Z 65 vulnerabilities (16 moderate, 49 high)
Verify	Install dependencies	2026-10-10T16:49:51.8389891Z 
Verify	Install dependencies	2026-10-10T16:49:51.8399959Z To address all issues (including breaking changes), run:
Verify	Install dependencies	2026-10-10T16:49:51.8404094Z   npm audit fix --force
Verify	Install dependencies	2026-10-10T16:49:51.8418092Z 
Verify	Install dependencies	2026-10-10T16:49:51.8418802Z Run `npm audit` for details.
Verify	Lint	﻿2026-10-10T16:49:51.9499592Z ##[group]Run npm run lint
Verify	Lint	2026-10-10T16:49:51.9499965Z ^[[36;1mnpm run lint^[[0m
Verify	Lint	2026-10-10T16:49:51.9569648Z shell: /usr/bin/bash -e {0}
Verify	Lint	2026-10-10T16:49:51.9570239Z ##[endgroup]
Verify	Lint	2026-10-10T16:49:52.0921324Z 
Verify	Lint	2026-10-10T16:49:52.0922266Z > site-notes@1.0.0 lint
Verify	Lint	2026-10-10T16:49:52.0939806Z > eslint . --max-warnings 0
Verify	Lint	2026-10-10T16:49:52.0940394Z 
Verify	Check formatting	﻿2026-10-10T16:50:02.0104854Z ##[group]Run npm run format:check
Verify	Check formatting	2026-10-10T16:50:02.0105192Z ^[[36;1mnpm run format:check^[[0m
Verify	Check formatting	2026-10-10T16:50:02.0168962Z shell: /usr/bin/bash -e {0}
Verify	Check formatting	2026-10-10T16:50:02.0169257Z ##[endgroup]
Verify	Check formatting	2026-10-10T16:50:02.1327668Z 
Verify	Check formatting	2026-10-10T16:50:02.1328686Z > site-notes@1.0.0 format:check
Verify	Check formatting	2026-10-10T16:50:02.1329832Z > prettier --check "**/*.{ts,tsx,js,jsx,json,md}"
Verify	Check formatting	2026-10-10T16:50:02.1330530Z 
Verify	Check formatting	2026-10-10T16:50:02.2371654Z Checking formatting...
Verify	Check formatting	2026-10-10T16:50:04.7205829Z All matched files use Prettier code style!
Verify	Type-check	﻿2026-10-10T16:50:04.7626385Z ##[group]Run npm run type-check
Verify	Type-check	2026-10-10T16:50:04.7626724Z ^[[36;1mnpm run type-check^[[0m
Verify	Type-check	2026-10-10T16:50:04.7691092Z shell: /usr/bin/bash -e {0}
Verify	Type-check	2026-10-10T16:50:04.7691398Z ##[endgroup]
Verify	Type-check	2026-10-10T16:50:04.8875372Z 
Verify	Type-check	2026-10-10T16:50:04.8876348Z > site-notes@1.0.0 type-check
Verify	Type-check	2026-10-10T16:50:04.8877344Z > tsc --noEmit
Verify	Type-check	2026-10-10T16:50:04.8877789Z 
Verify	Run Jest tests	﻿2026-10-10T16:50:09.1643909Z ##[group]Run npm run test:ci
Verify	Run Jest tests	2026-10-10T16:50:09.1644273Z ^[[36;1mnpm run test:ci^[[0m
Verify	Run Jest tests	2026-10-10T16:50:09.1707119Z shell: /usr/bin/bash -e {0}
Verify	Run Jest tests	2026-10-10T16:50:09.1707432Z ##[endgroup]
Verify	Run Jest tests	2026-10-10T16:50:09.2927099Z 
Verify	Run Jest tests	2026-10-10T16:50:09.2927915Z > site-notes@1.0.0 test:ci
Verify	Run Jest tests	2026-10-10T16:50:09.2928739Z > jest --coverage
Verify	Run Jest tests	2026-10-10T16:50:09.2929209Z 
Verify	Run Jest tests	2026-10-10T16:50:27.3407631Z PASS __tests__/shared/http/httpClient.test.ts (16.866 s)
Verify	Run Jest tests	2026-10-10T16:50:27.5765097Z PASS __tests__/shared/lib/logger.test.ts
Verify	Run Jest tests	2026-10-10T16:50:28.0875445Z PASS __tests__/shared/session/realBackendAdapter.test.ts
Verify	Run Jest tests	2026-10-10T16:50:28.1154467Z   ● Console
Verify	Run Jest tests	2026-10-10T16:50:28.1195926Z 
Verify	Run Jest tests	2026-10-10T16:50:28.1248283Z     console.warn
Verify	Run Jest tests	2026-10-10T16:50:28.1266913Z       API POST /sessions failed: client (422)
Verify	Run Jest tests	2026-10-10T16:50:28.1268948Z 
Verify	Run Jest tests	2026-10-10T16:50:28.1271014Z     ^[[0m ^[[90m 129 |^[[39m     ^[[36mconst^[[39m args ^[[33m=^[[39m [message^[[33m,^[[39m ^[[33m...^[[39mdetails^[[33m.^[[39mfilter(item ^[[33m=>^[[39m item ^[[33m!==^[[39m undefined)]^[[33m;^[[39m
Verify	Run Jest tests	2026-10-10T16:50:28.1273873Z      ^[[90m 130 |^[[39m     ^[[36mif^[[39m (level ^[[33m===^[[39m ^[[32m'error'^[[39m) console^[[33m.^[[39merror(^[[33m...^[[39margs)^[[33m;^[[39m
Verify	Run Jest tests	2026-10-10T16:50:28.1286522Z     ^[[31m^[[1m>^[[22m^[[39m^[[90m 131 |^[[39m     ^[[36melse^[[39m ^[[36mif^[[39m (level ^[[33m===^[[39m ^[[32m'warn'^[[39m) console^[[33m.^[[39mwarn(^[[33m...^[[39margs)^[[33m;^[[39m
Verify	Run Jest tests	2026-10-10T16:50:28.1288384Z      ^[[90m     |^[[39m                                        ^[[31m^[[1m^^[[22m^[[39m
Verify	Run Jest tests	2026-10-10T16:50:28.1290247Z      ^[[90m 132 |^[[39m     ^[[36melse^[[39m ^[[36mif^[[39m (level ^[[33m===^[[39m ^[[32m'info'^[[39m) console^[[33m.^[[39minfo(^[[33m...^[[39margs)^[[33m;^[[39m
Verify	Run Jest tests	2026-10-10T16:50:28.1292077Z      ^[[90m 133 |^[[39m     ^[[36melse^[[39m console^[[33m.^[[39mdebug(^[[33m...^[[39margs)^[[33m;^[[39m
Verify	Run Jest tests	2026-10-10T16:50:28.1293332Z      ^[[90m 134 |^[[39m   }^[[33m;^[[39m^[[0m
Verify	Run Jest tests	2026-10-10T16:50:28.1294226Z 
Verify	Run Jest tests	2026-10-10T16:50:28.1294739Z       at warn (shared/lib/logger.ts:131:40)
Verify	Run Jest tests	2026-10-10T16:50:28.1295831Z       at Object.write [as warn] (shared/lib/logger.ts:142:33)
Verify	Run Jest tests	2026-10-10T16:50:28.1297022Z       at warn (shared/http/httpClient.ts:137:12)
Verify	Run Jest tests	2026-10-10T16:50:28.1298374Z       at asyncGeneratorStep (node_modules/@babel/runtime/helpers/asyncToGenerator.js:3:17)
Verify	Run Jest tests	2026-10-10T16:50:28.1305847Z       at _next (node_modules/@babel/runtime/helpers/asyncToGenerator.js:17:9)
Verify	Run Jest tests	2026-10-10T16:50:28.1307184Z       at node_modules/@babel/runtime/helpers/asyncToGenerator.js:22:7
Verify	Run Jest tests	2026-10-10T16:50:28.1308466Z       at node_modules/@babel/runtime/helpers/asyncToGenerator.js:14:12
Verify	Run Jest tests	2026-10-10T16:50:28.1309586Z       at apply (shared/http/httpClient.ts:143:4)
Verify	Run Jest tests	2026-10-10T16:50:28.1310753Z       at Axios.request (node_modules/axios/dist/browser/axios.cjs:5245:14)
Verify	Run Jest tests	2026-10-10T16:50:28.1311600Z 
Verify	Run Jest tests	2026-10-10T16:50:28.1312030Z     console.warn
Verify	Run Jest tests	2026-10-10T16:50:28.1312941Z       API POST /sessions/refresh failed: unauthorized (401)
Verify	Run Jest tests	2026-10-10T16:50:28.1313934Z 
Verify	Run Jest tests	2026-10-10T16:50:28.1316296Z     ^[[0m ^[[90m 129 |^[[39m     ^[[36mconst^[[39m args ^[[33m=^[[39m [message^[[33m,^[[39m ^[[33m...^[[39mdetails^[[33m.^[[39mfilter(item ^[[33m=>^[[39m item ^[[33m!==^[[39m undefined)]^[[33m;^[[39m
Verify	Run Jest tests	2026-10-10T16:50:28.1318560Z      ^[[90m 130 |^[[39m     ^[[36mif^[[39m (level ^[[33m===^[[39m ^[[32m'error'^[[39m) console^[[33m.^[[39merror(^[[33m...^[[39margs)^[[33m;^[[39m
Verify	Run Jest tests	2026-10-10T16:50:28.1320756Z     ^[[31m^[[1m>^[[22m^[[39m^[[90m 131 |^[[39m     ^[[36melse^[[39m ^[[36mif^[[39m (level ^[[33m===^[[39m ^[[32m'warn'^[[39m) console^[[33m.^[[39mwarn(^[[33m...^[[39margs)^[[33m;^[[39m
Verify	Run Jest tests	2026-10-10T16:50:28.1322530Z      ^[[90m     |^[[39m                                        ^[[31m^[[1m^^[[22m^[[39m
Verify	Run Jest tests	2026-10-10T16:50:28.1324599Z      ^[[90m 132 |^[[39m     ^[[36melse^[[39m ^[[36mif^[[39m (level ^[[33m===^[[39m ^[[32m'info'^[[39m) console^[[33m.^[[39minfo(^[[33m...^[[39margs)^[[33m;^[[39m
Verify	Run Jest tests	2026-10-10T16:50:28.1326418Z      ^[[90m 133 |^[[39m     ^[[36melse^[[39m console^[[33m.^[[39mdebug(^[[33m...^[[39margs)^[[33m;^[[39m
Verify	Run Jest tests	2026-10-10T16:50:28.1327659Z      ^[[90m 134 |^[[39m   }^[[33m;^[[39m^[[0m
Verify	Run Jest tests	2026-10-10T16:50:28.1328302Z 
Verify	Run Jest tests	2026-10-10T16:50:28.1328992Z       at warn (shared/lib/logger.ts:131:40)
Verify	Run Jest tests	2026-10-10T16:50:28.1330600Z       at Object.write [as warn] (shared/lib/logger.ts:142:33)
Verify	Run Jest tests	2026-10-10T16:50:28.1353333Z       at warn (shared/http/httpClient.ts:137:12)
Verify	Run Jest tests	2026-10-10T16:50:28.1355081Z       at asyncGeneratorStep (node_modules/@babel/runtime/helpers/asyncToGenerator.js:3:17)
Verify	Run Jest tests	2026-10-10T16:50:28.1356480Z       at _next (node_modules/@babel/runtime/helpers/asyncToGenerator.js:17:9)
Verify	Run Jest tests	2026-10-10T16:50:28.1357717Z       at node_modules/@babel/runtime/helpers/asyncToGenerator.js:22:7
Verify	Run Jest tests	2026-10-10T16:50:28.1359121Z       at node_modules/@babel/runtime/helpers/asyncToGenerator.js:14:12
Verify	Run Jest tests	2026-10-10T16:50:28.1360295Z       at apply (shared/http/httpClient.ts:143:4)
Verify	Run Jest tests	2026-10-10T16:50:28.1388572Z       at Axios.request (node_modules/axios/dist/browser/axios.cjs:5245:14)
Verify	Run Jest tests	2026-10-10T16:50:28.1395451Z 
Verify	Run Jest tests	2026-10-10T16:50:28.1395936Z     console.warn
Verify	Run Jest tests	2026-10-10T16:50:28.1396691Z       API GET /me failed: unauthorized (401)
Verify	Run Jest tests	2026-10-10T16:50:28.1397314Z 
Verify	Run Jest tests	2026-10-10T16:50:28.1398873Z     ^[[0m ^[[90m 129 |^[[39m     ^[[36mconst^[[39m args ^[[33m=^[[39m [message^[[33m,^[[39m ^[[33m...^[[39mdetails^[[33m.^[[39mfilter(item ^[[33m=>^[[39m item ^[[33m!==^[[39m undefined)]^[[33m;^[[39m
Verify	Run Jest tests	2026-10-10T16:50:28.1401084Z      ^[[90m 130 |^[[39m     ^[[36mif^[[39m (level ^[[33m===^[[39m ^[[32m'error'^[[39m) console^[[33m.^[[39merror(^[[33m...^[[39margs)^[[33m;^[[39m
Verify	Run Jest tests	2026-10-10T16:50:28.1415267Z     ^[[31m^[[1m>^[[22m^[[39m^[[90m 131 |^[[39m     ^[[36melse^[[39m ^[[36mif^[[39m (level ^[[33m===^[[39m ^[[32m'warn'^[[39m) console^[[33m.^[[39mwarn(^[[33m...^[[39margs)^[[33m;^[[39m
Verify	Run Jest tests	2026-10-10T16:50:28.1416800Z      ^[[90m     |^[[39m                                        ^[[31m^[[1m^^[[22m^[[39m
Verify	Run Jest tests	2026-10-10T16:50:28.1418224Z      ^[[90m 132 |^[[39m     ^[[36melse^[[39m ^[[36mif^[[39m (level ^[[33m===^[[39m ^[[32m'info'^[[39m) console^[[33m.^[[39minfo(^[[33m...^[[39margs)^[[33m;^[[39m
Verify	Run Jest tests	2026-10-10T16:50:28.1419600Z      ^[[90m 133 |^[[39m     ^[[36melse^[[39m console^[[33m.^[[39mdebug(^[[33m...^[[39margs)^[[33m;^[[39m
Verify	Run Jest tests	2026-10-10T16:50:28.1420449Z      ^[[90m 134 |^[[39m   }^[[33m;^[[39m^[[0m
Verify	Run Jest tests	2026-10-10T16:50:28.1420766Z 
Verify	Run Jest tests	2026-10-10T16:50:28.1420999Z       at warn (shared/lib/logger.ts:131:40)
Verify	Run Jest tests	2026-10-10T16:50:28.1421677Z       at Object.write [as warn] (shared/lib/logger.ts:142:33)
Verify	Run Jest tests	2026-10-10T16:50:28.1422340Z       at warn (shared/http/httpClient.ts:137:12)
Verify	Run Jest tests	2026-10-10T16:50:28.1423026Z       at asyncGeneratorStep (node_modules/@babel/runtime/helpers/asyncToGenerator.js:3:17)
Verify	Run Jest tests	2026-10-10T16:50:28.1424039Z       at _next (node_modules/@babel/runtime/helpers/asyncToGenerator.js:17:9)
Verify	Run Jest tests	2026-10-10T16:50:28.1424624Z 
Verify	Run Jest tests	2026-10-10T16:50:28.1424795Z     console.warn
Verify	Run Jest tests	2026-10-10T16:50:28.1425283Z       API DELETE /sessions failed: network
Verify	Run Jest tests	2026-10-10T16:50:28.1425657Z 
Verify	Run Jest tests	2026-10-10T16:50:28.1427006Z     ^[[0m ^[[90m 129 |^[[39m     ^[[36mconst^[[39m args ^[[33m=^[[39m [message^[[33m,^[[39m ^[[33m...^[[39mdetails^[[33m.^[[39mfilter(item ^[[33m=>^[[39m item ^[[33m!==^[[39m undefined)]^[[33m;^[[39m
Verify	Run Jest tests	2026-10-10T16:50:28.1428936Z      ^[[90m 130 |^[[39m     ^[[36mif^[[39m (level ^[[33m===^[[39m ^[[32m'error'^[[39m) console^[[33m.^[[39merror(^[[33m...^[[39margs)^[[33m;^[[39m
Verify	Run Jest tests	2026-10-10T16:50:28.1431358Z     ^[[31m^[[1m>^[[22m^[[39m^[[90m 131 |^[[39m     ^[[36melse^[[39m ^[[36mif^[[39m (level ^[[33m===^[[39m ^[[32m'warn'^[[39m) console^[[33m.^[[39mwarn(^[[33m...^[[39margs)^[[33m;^[[39m
Verify	Run Jest tests	2026-10-10T16:50:28.1432689Z      ^[[90m     |^[[39m                                        ^[[31m^[[1m^^[[22m^[[39m
Verify	Run Jest tests	2026-10-10T16:50:28.1434625Z      ^[[90m 132 |^[[39m     ^[[36melse^[[39m ^[[36mif^[[39m (level ^[[33m===^[[39m ^[[32m'info'^[[39m) console^[[33m.^[[39minfo(^[[33m...^[[39margs)^[[33m;^[[39m
Verify	Run Jest tests	2026-10-10T16:50:28.1436159Z      ^[[90m 133 |^[[39m     ^[[36melse^[[39m console^[[33m.^[[39mdebug(^[[33m...^[[39margs)^[[33m;^[[39m
Verify	Run Jest tests	2026-10-10T16:50:28.1437054Z      ^[[90m 134 |^[[39m   }^[[33m;^[[39m^[[0m
Verify	Run Jest tests	2026-10-10T16:50:28.1437403Z 
Verify	Run Jest tests	2026-10-10T16:50:28.1437663Z       at warn (shared/lib/logger.ts:131:40)
Verify	Run Jest tests	2026-10-10T16:50:28.1438380Z       at Object.write [as warn] (shared/lib/logger.ts:142:33)
Verify	Run Jest tests	2026-10-10T16:50:28.1439115Z       at warn (shared/http/httpClient.ts:137:12)
Verify	Run Jest tests	2026-10-10T16:50:28.1440099Z       at asyncGeneratorStep (node_modules/@babel/runtime/helpers/asyncToGenerator.js:3:17)
Verify	Run Jest tests	2026-10-10T16:50:28.1441549Z       at _next (node_modules/@babel/runtime/helpers/asyncToGenerator.js:17:9)
Verify	Run Jest tests	2026-10-10T16:50:28.1442637Z       at node_modules/@babel/runtime/helpers/asyncToGenerator.js:22:7
Verify	Run Jest tests	2026-10-10T16:50:28.1443856Z       at node_modules/@babel/runtime/helpers/asyncToGenerator.js:14:12
Verify	Run Jest tests	2026-10-10T16:50:28.1444702Z       at apply (shared/http/httpClient.ts:143:4)
Verify	Run Jest tests	2026-10-10T16:50:28.1445548Z       at Axios.request (node_modules/axios/dist/browser/axios.cjs:5245:14)
Verify	Run Jest tests	2026-10-10T16:50:28.1446094Z 
Verify	Run Jest tests	2026-10-10T16:50:28.1446263Z     console.warn
Verify	Run Jest tests	2026-10-10T16:50:28.1447090Z       Signing out on the auth backend failed { error: 'Network error: check your connection' }
Verify	Run Jest tests	2026-10-10T16:50:28.1447767Z 
Verify	Run Jest tests	2026-10-10T16:50:28.1449074Z     ^[[0m ^[[90m 129 |^[[39m     ^[[36mconst^[[39m args ^[[33m=^[[39m [message^[[33m,^[[39m ^[[33m...^[[39mdetails^[[33m.^[[39mfilter(item ^[[33m=>^[[39m item ^[[33m!==^[[39m undefined)]^[[33m;^[[39m
Verify	Run Jest tests	2026-10-10T16:50:28.1451047Z      ^[[90m 130 |^[[39m     ^[[36mif^[[39m (level ^[[33m===^[[39m ^[[32m'error'^[[39m) console^[[33m.^[[39merror(^[[33m...^[[39margs)^[[33m;^[[39m
Verify	Run Jest tests	2026-10-10T16:50:28.1452967Z     ^[[31m^[[1m>^[[22m^[[39m^[[90m 131 |^[[39m     ^[[36melse^[[39m ^[[36mif^[[39m (level ^[[33m===^[[39m ^[[32m'warn'^[[39m) console^[[33m.^[[39mwarn(^[[33m...^[[39margs)^[[33m;^[[39m
Verify	Run Jest tests	2026-10-10T16:50:28.1454779Z      ^[[90m     |^[[39m                                        ^[[31m^[[1m^^[[22m^[[39m
Verify	Run Jest tests	2026-10-10T16:50:28.1456152Z      ^[[90m 132 |^[[39m     ^[[36melse^[[39m ^[[36mif^[[39m (level ^[[33m===^[[39m ^[[32m'info'^[[39m) console^[[33m.^[[39minfo(^[[33m...^[[39margs)^[[33m;^[[39m
Verify	Run Jest tests	2026-10-10T16:50:28.1457637Z      ^[[90m 133 |^[[39m     ^[[36melse^[[39m console^[[33m.^[[39mdebug(^[[33m...^[[39margs)^[[33m;^[[39m
Verify	Run Jest tests	2026-10-10T16:50:28.1458537Z      ^[[90m 134 |^[[39m   }^[[33m;^[[39m^[[0m
Verify	Run Jest tests	2026-10-10T16:50:28.1458881Z 
Verify	Run Jest tests	2026-10-10T16:50:28.1459144Z       at warn (shared/lib/logger.ts:131:40)
Verify	Run Jest tests	2026-10-10T16:50:28.1460052Z       at Object.write [as warn] (shared/lib/logger.ts:142:33)
Verify	Run Jest tests	2026-10-10T16:50:28.1460870Z       at Object.warn (shared/session/authService.ts:148:14)
Verify	Run Jest tests	2026-10-10T16:50:28.1461581Z           at Generator.throw (<anonymous>)
Verify	Run Jest tests	2026-10-10T16:50:28.1462515Z       at asyncGeneratorStep (node_modules/@babel/runtime/helpers/asyncToGenerator.js:3:17)
Verify	Run Jest tests	2026-10-10T16:50:28.1463879Z       at _throw (node_modules/@babel/runtime/helpers/asyncToGenerator.js:20:9)
Verify	Run Jest tests	2026-10-10T16:50:28.1464465Z 
Verify	Run Jest tests	2026-10-10T16:50:28.9388113Z PASS __tests__/features/auth/siteNotesAdapter.test.ts
Verify	Run Jest tests	2026-10-10T16:50:28.9525179Z   ● Console
Verify	Run Jest tests	2026-10-10T16:50:28.9544080Z 
Verify	Run Jest tests	2026-10-10T16:50:28.9552015Z     console.warn
Verify	Run Jest tests	2026-10-10T16:50:28.9552901Z       API POST /api/v1/sessions failed: client (422)
Verify	Run Jest tests	2026-10-10T16:50:28.9553550Z 
Verify	Run Jest tests	2026-10-10T16:50:28.9555326Z     ^[[0m ^[[90m 129 |^[[39m     ^[[36mconst^[[39m args ^[[33m=^[[39m [message^[[33m,^[[39m ^[[33m...^[[39mdetails^[[33m.^[[39mfilter(item ^[[33m=>^[[39m item ^[[33m!==^[[39m undefined)]^[[33m;^[[39m
Verify	Run Jest tests	2026-10-10T16:50:28.9557426Z      ^[[90m 130 |^[[39m     ^[[36mif^[[39m (level ^[[33m===^[[39m ^[[32m'error'^[[39m) console^[[33m.^[[39merror(^[[33m...^[[39margs)^[[33m;^[[39m
Verify	Run Jest tests	2026-10-10T16:50:28.9560091Z     ^[[31m^[[1m>^[[22m^[[39m^[[90m 131 |^[[39m     ^[[36melse^[[39m ^[[36mif^[[39m (level ^[[33m===^[[39m ^[[32m'warn'^[[39m) console^[[33m.^[[39mwarn(^[[33m...^[[39margs)^[[33m;^[[39m
Verify	Run Jest tests	2026-10-10T16:50:28.9561648Z      ^[[90m     |^[[39m                                        ^[[31m^[[1m^^[[22m^[[39m
Verify	Run Jest tests	2026-10-10T16:50:28.9563161Z      ^[[90m 132 |^[[39m     ^[[36melse^[[39m ^[[36mif^[[39m (level ^[[33m===^[[39m ^[[32m'info'^[[39m) console^[[33m.^[[39minfo(^[[33m...^[[39margs)^[[33m;^[[39m
Verify	Run Jest tests	2026-10-10T16:50:28.9564955Z      ^[[90m 133 |^[[39m     ^[[36melse^[[39m console^[[33m.^[[39mdebug(^[[33m...^[[39margs)^[[33m;^[[39m
Verify	Run Jest tests	2026-10-10T16:50:28.9565992Z      ^[[90m 134 |^[[39m   }^[[33m;^[[39m^[[0m
Verify	Run Jest tests	2026-10-10T16:50:28.9566497Z 
Verify	Run Jest tests	2026-10-10T16:50:28.9566913Z       at warn (shared/lib/logger.ts:131:40)
Verify	Run Jest tests	2026-10-10T16:50:28.9567791Z       at Object.write [as warn] (shared/lib/logger.ts:142:33)
Verify	Run Jest tests	2026-10-10T16:50:28.9568747Z       at warn (shared/http/httpClient.ts:137:12)
Verify	Run Jest tests	2026-10-10T16:50:28.9569891Z       at asyncGeneratorStep (node_modules/@babel/runtime/helpers/asyncToGenerator.js:3:17)
Verify	Run Jest tests	2026-10-10T16:50:28.9571483Z       at _next (node_modules/@babel/runtime/helpers/asyncToGenerator.js:17:9)
Verify	Run Jest tests	2026-10-10T16:50:28.9628025Z       at node_modules/@babel/runtime/helpers/asyncToGenerator.js:22:7
Verify	Run Jest tests	2026-10-10T16:50:28.9629582Z       at node_modules/@babel/runtime/helpers/asyncToGenerator.js:14:12
Verify	Run Jest tests	2026-10-10T16:50:28.9642900Z       at apply (shared/http/httpClient.ts:143:4)
Verify	Run Jest tests	2026-10-10T16:50:28.9644356Z       at Axios.request (node_modules/axios/dist/browser/axios.cjs:5245:14)
Verify	Run Jest tests	2026-10-10T16:50:28.9645190Z 
Verify	Run Jest tests	2026-10-10T16:50:28.9645616Z     console.warn
Verify	Run Jest tests	2026-10-10T16:50:28.9646533Z       API POST /api/v1/sessions/refresh failed: unauthorized (401)
Verify	Run Jest tests	2026-10-10T16:50:28.9647356Z 
Verify	Run Jest tests	2026-10-10T16:50:28.9649058Z     ^[[0m ^[[90m 129 |^[[39m     ^[[36mconst^[[39m args ^[[33m=^[[39m [message^[[33m,^[[39m ^[[33m...^[[39mdetails^[[33m.^[[39mfilter(item ^[[33m=>^[[39m item ^[[33m!==^[[39m undefined)]^[[33m;^[[39m
Verify	Run Jest tests	2026-10-10T16:50:28.9651363Z      ^[[90m 130 |^[[39m     ^[[36mif^[[39m (level ^[[33m===^[[39m ^[[32m'error'^[[39m) console^[[33m.^[[39merror(^[[33m...^[[39margs)^[[33m;^[[39m
Verify	Run Jest tests	2026-10-10T16:50:28.9653825Z     ^[[31m^[[1m>^[[22m^[[39m^[[90m 131 |^[[39m     ^[[36melse^[[39m ^[[36mif^[[39m (level ^[[33m===^[[39m ^[[32m'warn'^[[39m) console^[[33m.^[[39mwarn(^[[33m...^[[39margs)^[[33m;^[[39m
Verify	Run Jest tests	2026-10-10T16:50:28.9655599Z      ^[[90m     |^[[39m                                        ^[[31m^[[1m^^[[22m^[[39m
Verify	Run Jest tests	2026-10-10T16:50:28.9657390Z      ^[[90m 132 |^[[39m     ^[[36melse^[[39m ^[[36mif^[[39m (level ^[[33m===^[[39m ^[[32m'info'^[[39m) console^[[33m.^[[39minfo(^[[33m...^[[39margs)^[[33m;^[[39m
Verify	Run Jest tests	2026-10-10T16:50:28.9659242Z      ^[[90m 133 |^[[39m     ^[[36melse^[[39m console^[[33m.^[[39mdebug(^[[33m...^[[39margs)^[[33m;^[[39m
Verify	Run Jest tests	2026-10-10T16:50:28.9660482Z      ^[[90m 134 |^[[39m   }^[[33m;^[[39m^[[0m
Verify	Run Jest tests	2026-10-10T16:50:28.9661102Z 
Verify	Run Jest tests	2026-10-10T16:50:28.9661589Z       at warn (shared/lib/logger.ts:131:40)
Verify	Run Jest tests	2026-10-10T16:50:28.9662614Z       at Object.write [as warn] (shared/lib/logger.ts:142:33)
Verify	Run Jest tests	2026-10-10T16:50:28.9663964Z       at warn (shared/http/httpClient.ts:137:12)
Verify	Run Jest tests	2026-10-10T16:50:28.9665225Z       at asyncGeneratorStep (node_modules/@babel/runtime/helpers/asyncToGenerator.js:3:17)
Verify	Run Jest tests	2026-10-10T16:50:28.9666649Z       at _next (node_modules/@babel/runtime/helpers/asyncToGenerator.js:17:9)
Verify	Run Jest tests	2026-10-10T16:50:28.9667919Z       at node_modules/@babel/runtime/helpers/asyncToGenerator.js:22:7
Verify	Run Jest tests	2026-10-10T16:50:28.9669131Z       at node_modules/@babel/runtime/helpers/asyncToGenerator.js:14:12
Verify	Run Jest tests	2026-10-10T16:50:28.9670235Z       at apply (shared/http/httpClient.ts:143:4)
Verify	Run Jest tests	2026-10-10T16:50:28.9671342Z       at Axios.request (node_modules/axios/dist/browser/axios.cjs:5245:14)
Verify	Run Jest tests	2026-10-10T16:50:28.9672178Z 
Verify	Run Jest tests	2026-10-10T16:50:28.9672585Z     console.warn
Verify	Run Jest tests	2026-10-10T16:50:28.9673368Z       API GET /api/v1/me failed: unauthorized (401)
Verify	Run Jest tests	2026-10-10T16:50:28.9674320Z 
Verify	Run Jest tests	2026-10-10T16:50:28.9675883Z     ^[[0m ^[[90m 129 |^[[39m     ^[[36mconst^[[39m args ^[[33m=^[[39m [message^[[33m,^[[39m ^[[33m...^[[39mdetails^[[33m.^[[39mfilter(item ^[[33m=>^[[39m item ^[[33m!==^[[39m undefined)]^[[33m;^[[39m
Verify	Run Jest tests	2026-10-10T16:50:28.9678629Z      ^[[90m 130 |^[[39m     ^[[36mif^[[39m (level ^[[33m===^[[39m ^[[32m'error'^[[39m) console^[[33m.^[[39merror(^[[33m...^[[39margs)^[[33m;^[[39m
Verify	Run Jest tests	2026-10-10T16:50:28.9680813Z     ^[[31m^[[1m>^[[22m^[[39m^[[90m 131 |^[[39m     ^[[36melse^[[39m ^[[36mif^[[39m (level ^[[33m===^[[39m ^[[32m'warn'^[[39m) console^[[33m.^[[39mwarn(^[[33m...^[[39margs)^[[33m;^[[39m
Verify	Run Jest tests	2026-10-10T16:50:28.9682560Z      ^[[90m     |^[[39m                                        ^[[31m^[[1m^^[[22m^[[39m
Verify	Run Jest tests	2026-10-10T16:50:28.9684548Z      ^[[90m 132 |^[[39m     ^[[36melse^[[39m ^[[36mif^[[39m (level ^[[33m===^[[39m ^[[32m'info'^[[39m) console^[[33m.^[[39minfo(^[[33m...^[[39margs)^[[33m;^[[39m
Verify	Run Jest tests	2026-10-10T16:50:28.9686339Z      ^[[90m 133 |^[[39m     ^[[36melse^[[39m console^[[33m.^[[39mdebug(^[[33m...^[[39margs)^[[33m;^[[39m
Verify	Run Jest tests	2026-10-10T16:50:28.9687551Z      ^[[90m 134 |^[[39m   }^[[33m;^[[39m^[[0m
Verify	Run Jest tests	2026-10-10T16:50:28.9688159Z 
Verify	Run Jest tests	2026-10-10T16:50:28.9688906Z       at warn (shared/lib/logger.ts:131:40)
Verify	Run Jest tests	2026-10-10T16:50:28.9698070Z       at Object.write [as warn] (shared/lib/logger.ts:142:33)
Verify	Run Jest tests	2026-10-10T16:50:28.9699509Z       at warn (shared/http/httpClient.ts:137:12)
Verify	Run Jest tests	2026-10-10T16:50:28.9700789Z       at asyncGeneratorStep (node_modules/@babel/runtime/helpers/asyncToGenerator.js:3:17)
Verify	Run Jest tests	2026-10-10T16:50:28.9702218Z       at _next (node_modules/@babel/runtime/helpers/asyncToGenerator.js:17:9)
Verify	Run Jest tests	2026-10-10T16:50:28.9703075Z 
Verify	Run Jest tests	2026-10-10T16:50:28.9703482Z     console.warn
Verify	Run Jest tests	2026-10-10T16:50:28.9704607Z       API GET /api/v1/me failed: unauthorized (401)
Verify	Run Jest tests	2026-10-10T16:50:28.9705307Z 
Verify	Run Jest tests	2026-10-10T16:50:28.9706834Z     ^[[0m ^[[90m 129 |^[[39m     ^[[36mconst^[[39m args ^[[33m=^[[39m [message^[[33m,^[[39m ^[[33m...^[[39mdetails^[[33m.^[[39mfilter(item ^[[33m=>^[[39m item ^[[33m!==^[[39m undefined)]^[[33m;^[[39m
Verify	Run Jest tests	2026-10-10T16:50:28.9709230Z      ^[[90m 130 |^[[39m     ^[[36mif^[[39m (level ^[[33m===^[[39m ^[[32m'error'^[[39m) console^[[33m.^[[39merror(^[[33m...^[[39margs)^[[33m;^[[39m
Verify	Run Jest tests	2026-10-10T16:50:28.9711426Z     ^[[31m^[[1m>^[[22m^[[39m^[[90m 131 |^[[39m     ^[[36melse^[[39m ^[[36mif^[[39m (level ^[[33m===^[[39m ^[[32m'warn'^[[39m) console^[[33m.^[[39mwarn(^[[33m...^[[39margs)^[[33m;^[[39m
Verify	Run Jest tests	2026-10-10T16:50:28.9713289Z      ^[[90m     |^[[39m                                        ^[[31m^[[1m^^[[22m^[[39m
Verify	Run Jest tests	2026-10-10T16:50:28.9715312Z      ^[[90m 132 |^[[39m     ^[[36melse^[[39m ^[[36mif^[[39m (level ^[[33m===^[[39m ^[[32m'info'^[[39m) console^[[33m.^[[39minfo(^[[33m...^[[39margs)^[[33m;^[[39m
Verify	Run Jest tests	2026-10-10T16:50:28.9717022Z      ^[[90m 133 |^[[39m     ^[[36melse^[[39m console^[[33m.^[[39mdebug(^[[33m...^[[39margs)^[[33m;^[[39m
Verify	Run Jest tests	2026-10-10T16:50:28.9718223Z      ^[[90m 134 |^[[39m   }^[[33m;^[[39m^[[0m
Verify	Run Jest tests	2026-10-10T16:50:28.9718800Z 
Verify	Run Jest tests	2026-10-10T16:50:28.9719291Z       at warn (shared/lib/logger.ts:131:40)
Verify	Run Jest tests	2026-10-10T16:50:28.9720238Z       at Object.write [as warn] (shared/lib/logger.ts:142:33)
Verify	Run Jest tests	2026-10-10T16:50:28.9721190Z       at warn (shared/http/httpClient.ts:137:12)
Verify	Run Jest tests	2026-10-10T16:50:28.9722357Z       at asyncGeneratorStep (node_modules/@babel/runtime/helpers/asyncToGenerator.js:3:17)
Verify	Run Jest tests	2026-10-10T16:50:28.9723506Z       at _next (node_modules/@babel/runtime/helpers/asyncToGenerator.js:17:9)
Verify	Run Jest tests	2026-10-10T16:50:28.9724580Z 
Verify	Run Jest tests	2026-10-10T16:50:29.1558887Z PASS __tests__/shared/session/authService.test.ts
Verify	Run Jest tests	2026-10-10T16:50:33.3414044Z PASS __tests__/app/sessionRoutes.test.tsx
Verify	Run Jest tests	2026-10-10T16:50:33.3827677Z   ● Console
Verify	Run Jest tests	2026-10-10T16:50:33.3828338Z 
Verify	Run Jest tests	2026-10-10T16:50:33.3828796Z     console.debug
Verify	Run Jest tests	2026-10-10T16:50:33.3829762Z       [analytics] screen { type: 'screen', name: '/profile', properties: undefined }
Verify	Run Jest tests	2026-10-10T16:50:33.3830531Z 
Verify	Run Jest tests	2026-10-10T16:50:33.3830982Z       at debug (shared/lib/logger.ts:133:18)
Verify	Run Jest tests	2026-10-10T16:50:33.3831525Z 
Verify	Run Jest tests	2026-10-10T16:50:33.3831873Z     console.debug
Verify	Run Jest tests	2026-10-10T16:50:33.3832758Z       [analytics] screen { type: 'screen', name: '/profile', properties: undefined }
Verify	Run Jest tests	2026-10-10T16:50:33.3833868Z 
Verify	Run Jest tests	2026-10-10T16:50:33.3834334Z       at debug (shared/lib/logger.ts:133:18)
Verify	Run Jest tests	2026-10-10T16:50:33.3834867Z 
Verify	Run Jest tests	2026-10-10T16:50:33.3835209Z     console.debug
Verify	Run Jest tests	2026-10-10T16:50:33.3836034Z       [analytics] screen { type: 'screen', name: '/', properties: undefined }
Verify	Run Jest tests	2026-10-10T16:50:33.3837263Z 
Verify	Run Jest tests	2026-10-10T16:50:33.3837708Z       at debug (shared/lib/logger.ts:133:18)
Verify	Run Jest tests	2026-10-10T16:50:33.3838260Z 
Verify	Run Jest tests	2026-10-10T16:50:33.3838602Z     console.debug
Verify	Run Jest tests	2026-10-10T16:50:33.3839436Z       [analytics] screen { type: 'screen', name: '/login', properties: undefined }
Verify	Run Jest tests	2026-10-10T16:50:33.3840184Z 
Verify	Run Jest tests	2026-10-10T16:50:33.3840595Z       at debug (shared/lib/logger.ts:133:18)
Verify	Run Jest tests	2026-10-10T16:50:33.3841122Z 
Verify	Run Jest tests	2026-10-10T16:50:33.3841444Z     console.debug
Verify	Run Jest tests	2026-10-10T16:50:33.3842280Z       [analytics] screen { type: 'screen', name: '/', properties: undefined }
Verify	Run Jest tests	2026-10-10T16:50:33.3842966Z 
Verify	Run Jest tests	2026-10-10T16:50:33.3843403Z       at debug (shared/lib/logger.ts:133:18)
Verify	Run Jest tests	2026-10-10T16:50:33.3844232Z 
Verify	Run Jest tests	2026-10-10T16:50:33.3844569Z     console.debug
Verify	Run Jest tests	2026-10-10T16:50:33.3845422Z       [analytics] screen { type: 'screen', name: '/login', properties: undefined }
Verify	Run Jest tests	2026-10-10T16:50:33.3846141Z 
Verify	Run Jest tests	2026-10-10T16:50:33.3846584Z       at debug (shared/lib/logger.ts:133:18)
Verify	Run Jest tests	2026-10-10T16:50:33.3847150Z 
Verify	Run Jest tests	2026-10-10T16:50:33.3847479Z     console.debug
Verify	Run Jest tests	2026-10-10T16:50:33.3848605Z       [analytics] screen { type: 'screen', name: '/', properties: undefined }
Verify	Run Jest tests	2026-10-10T16:50:33.3849296Z 
Verify	Run Jest tests	2026-10-10T16:50:33.3849743Z       at debug (shared/lib/logger.ts:133:18)
Verify	Run Jest tests	2026-10-10T16:50:33.3850268Z 
Verify	Run Jest tests	2026-10-10T16:50:33.3850606Z     console.debug
Verify	Run Jest tests	2026-10-10T16:50:33.3851494Z       [analytics] screen { type: 'screen', name: '/profile', properties: undefined }
Verify	Run Jest tests	2026-10-10T16:50:33.3852263Z 
Verify	Run Jest tests	2026-10-10T16:50:33.3852693Z       at debug (shared/lib/logger.ts:133:18)
Verify	Run Jest tests	2026-10-10T16:50:33.3853305Z 
Verify	Run Jest tests	2026-10-10T16:50:33.3853965Z     console.debug
Verify	Run Jest tests	2026-10-10T16:50:33.3854876Z       [analytics] screen { type: 'screen', name: '/', properties: undefined }
Verify	Run Jest tests	2026-10-10T16:50:33.3861044Z 
Verify	Run Jest tests	2026-10-10T16:50:33.3861572Z       at debug (shared/lib/logger.ts:133:18)
Verify	Run Jest tests	2026-10-10T16:50:33.3862192Z 
Verify	Run Jest tests	2026-10-10T16:50:33.3862535Z     console.debug
Verify	Run Jest tests	2026-10-10T16:50:33.3863392Z       [analytics] screen { type: 'screen', name: '/profile', properties: undefined }
Verify	Run Jest tests	2026-10-10T16:50:33.3864468Z 
Verify	Run Jest tests	2026-10-10T16:50:33.3864919Z       at debug (shared/lib/logger.ts:133:18)
Verify	Run Jest tests	2026-10-10T16:50:33.3865498Z 
Verify	Run Jest tests	2026-10-10T16:50:33.3865849Z     console.debug
Verify	Run Jest tests	2026-10-10T16:50:33.3866699Z       [analytics] screen { type: 'screen', name: '/', properties: undefined }
Verify	Run Jest tests	2026-10-10T16:50:33.3867814Z 
Verify	Run Jest tests	2026-10-10T16:50:33.3868300Z       at debug (shared/lib/logger.ts:133:18)
Verify	Run Jest tests	2026-10-10T16:50:33.3868867Z 
Verify	Run Jest tests	2026-10-10T16:50:33.3869229Z     console.debug
Verify	Run Jest tests	2026-10-10T16:50:33.3870125Z       [analytics] screen { type: 'screen', name: '/profile', properties: undefined }
Verify	Run Jest tests	2026-10-10T16:50:33.3870889Z 
Verify	Run Jest tests	2026-10-10T16:50:33.3871321Z       at debug (shared/lib/logger.ts:133:18)
Verify	Run Jest tests	2026-10-10T16:50:33.3871856Z 
Verify	Run Jest tests	2026-10-10T16:50:33.3872192Z     console.debug
Verify	Run Jest tests	2026-10-10T16:50:33.3873041Z       [analytics] screen { type: 'screen', name: '/', properties: undefined }
Verify	Run Jest tests	2026-10-10T16:50:33.3874070Z 
Verify	Run Jest tests	2026-10-10T16:50:33.3874517Z       at debug (shared/lib/logger.ts:133:18)
Verify	Run Jest tests	2026-10-10T16:50:33.3875303Z 
Verify	Run Jest tests	2026-10-10T16:50:33.3875718Z     console.debug
Verify	Run Jest tests	2026-10-10T16:50:33.3876638Z       [analytics] screen { type: 'screen', name: '/profile', properties: undefined }
Verify	Run Jest tests	2026-10-10T16:50:33.3877422Z 
Verify	Run Jest tests	2026-10-10T16:50:33.3877846Z       at debug (shared/lib/logger.ts:133:18)
Verify	Run Jest tests	2026-10-10T16:50:33.3878399Z 
Verify	Run Jest tests	2026-10-10T16:50:33.3878741Z     console.debug
Verify	Run Jest tests	2026-10-10T16:50:33.3879587Z       [analytics] screen { type: 'screen', name: '/', properties: undefined }
Verify	Run Jest tests	2026-10-10T16:50:33.3880355Z 
Verify	Run Jest tests	2026-10-10T16:50:33.3880796Z       at debug (shared/lib/logger.ts:133:18)
Verify	Run Jest tests	2026-10-10T16:50:33.3881356Z 
Verify	Run Jest tests	2026-10-10T16:50:33.3881723Z     console.debug
Verify	Run Jest tests	2026-10-10T16:50:33.3882590Z       [analytics] screen { type: 'screen', name: '/', properties: undefined }
Verify	Run Jest tests	2026-10-10T16:50:33.3883361Z 
Verify	Run Jest tests	2026-10-10T16:50:33.3884053Z       at debug (shared/lib/logger.ts:133:18)
Verify	Run Jest tests	2026-10-10T16:50:33.3886231Z 
Verify	Run Jest tests	2026-10-10T16:50:33.3886649Z     console.debug
Verify	Run Jest tests	2026-10-10T16:50:33.3887640Z       [analytics] screen { type: 'screen', name: '/profile', properties: undefined }
Verify	Run Jest tests	2026-10-10T16:50:33.3888901Z 
Verify	Run Jest tests	2026-10-10T16:50:33.3889382Z       at debug (shared/lib/logger.ts:133:18)
Verify	Run Jest tests	2026-10-10T16:50:33.3890029Z 
Verify	Run Jest tests	2026-10-10T16:50:33.3890434Z     console.debug
Verify	Run Jest tests	2026-10-10T16:50:33.3891380Z       [analytics] screen { type: 'screen', name: '/', properties: undefined }
Verify	Run Jest tests	2026-10-10T16:50:33.3892169Z 
Verify	Run Jest tests	2026-10-10T16:50:33.3892706Z       at debug (shared/lib/logger.ts:133:18)
Verify	Run Jest tests	2026-10-10T16:50:33.3893495Z 
Verify	Run Jest tests	2026-10-10T16:50:33.3894282Z     console.debug
Verify	Run Jest tests	2026-10-10T16:50:33.3895280Z       [analytics] screen { type: 'screen', name: '/profile', properties: undefined }
Verify	Run Jest tests	2026-10-10T16:50:33.3896093Z 
Verify	Run Jest tests	2026-10-10T16:50:33.3896554Z       at debug (shared/lib/logger.ts:133:18)
Verify	Run Jest tests	2026-10-10T16:50:33.3897153Z 
Verify	Run Jest tests	2026-10-10T16:50:33.3897525Z     console.debug
Verify	Run Jest tests	2026-10-10T16:50:33.3898443Z       [analytics] screen { type: 'screen', name: '/', properties: undefined }
Verify	Run Jest tests	2026-10-10T16:50:33.3899264Z 
Verify	Run Jest tests	2026-10-10T16:50:33.3899767Z       at debug (shared/lib/logger.ts:133:18)
Verify	Run Jest tests	2026-10-10T16:50:33.3900420Z 
Verify	Run Jest tests	2026-10-10T16:50:33.3900813Z     console.debug
Verify	Run Jest tests	2026-10-10T16:50:33.3901781Z       [analytics] screen { type: 'screen', name: '/', properties: undefined }
Verify	Run Jest tests	2026-10-10T16:50:33.3903008Z 
Verify	Run Jest tests	2026-10-10T16:50:33.3903505Z       at debug (shared/lib/logger.ts:133:18)
Verify	Run Jest tests	2026-10-10T16:50:33.3904417Z 
Verify	Run Jest tests	2026-10-10T16:50:33.3904858Z     console.debug
Verify	Run Jest tests	2026-10-10T16:50:33.3905900Z       [analytics] screen { type: 'screen', name: '/', properties: undefined }
Verify	Run Jest tests	2026-10-10T16:50:33.3906751Z 
Verify	Run Jest tests	2026-10-10T16:50:33.3907261Z       at debug (shared/lib/logger.ts:133:18)
Verify	Run Jest tests	2026-10-10T16:50:33.3907883Z 
Verify	Run Jest tests	2026-10-10T16:50:33.3908294Z     console.debug
Verify	Run Jest tests	2026-10-10T16:50:33.3909229Z       [analytics] screen { type: 'screen', name: '/', properties: undefined }
Verify	Run Jest tests	2026-10-10T16:50:33.3910043Z 
Verify	Run Jest tests	2026-10-10T16:50:33.3910543Z       at debug (shared/lib/logger.ts:133:18)
Verify	Run Jest tests	2026-10-10T16:50:33.3911181Z 
Verify	Run Jest tests	2026-10-10T16:50:34.5762572Z PASS __tests__/shared/ui/ErrorBoundary.test.tsx
Verify	Run Jest tests	2026-10-10T16:50:34.5949494Z   ● Console
Verify	Run Jest tests	2026-10-10T16:50:34.5950079Z 
Verify	Run Jest tests	2026-10-10T16:50:34.5950500Z     console.debug
Verify	Run Jest tests	2026-10-10T16:50:34.5951546Z       [analytics] screen { type: 'screen', name: '/boom', properties: undefined }
Verify	Run Jest tests	2026-10-10T16:50:34.5952348Z 
Verify	Run Jest tests	2026-10-10T16:50:34.5952789Z       at debug (shared/lib/logger.ts:133:18)
Verify	Run Jest tests	2026-10-10T16:50:34.5953365Z 
Verify	Run Jest tests	2026-10-10T16:50:34.5953999Z     console.debug
Verify	Run Jest tests	2026-10-10T16:50:34.5954857Z       [analytics] screen { type: 'screen', name: '/', properties: undefined }
Verify	Run Jest tests	2026-10-10T16:50:34.5955596Z 
Verify	Run Jest tests	2026-10-10T16:50:34.5956015Z       at debug (shared/lib/logger.ts:133:18)
Verify	Run Jest tests	2026-10-10T16:50:34.5956546Z 
Verify	Run Jest tests	2026-10-10T16:50:34.5956894Z     console.debug
Verify	Run Jest tests	2026-10-10T16:50:34.5957758Z       [analytics] screen { type: 'screen', name: '/', properties: undefined }
Verify	Run Jest tests	2026-10-10T16:50:34.5958494Z 
Verify	Run Jest tests	2026-10-10T16:50:34.5958946Z       at debug (shared/lib/logger.ts:133:18)
Verify	Run Jest tests	2026-10-10T16:50:34.5959492Z 
Verify	Run Jest tests	2026-10-10T16:50:34.5959840Z     console.debug
Verify	Run Jest tests	2026-10-10T16:50:34.5960692Z       [analytics] screen { type: 'screen', name: '/boom', properties: undefined }
Verify	Run Jest tests	2026-10-10T16:50:34.5961451Z 
Verify	Run Jest tests	2026-10-10T16:50:34.5961888Z       at debug (shared/lib/logger.ts:133:18)
Verify	Run Jest tests	2026-10-10T16:50:34.5962453Z 
Verify	Run Jest tests	2026-10-10T16:50:34.5962781Z     console.debug
Verify	Run Jest tests	2026-10-10T16:50:34.5963833Z       [analytics] screen { type: 'screen', name: '/', properties: undefined }
Verify	Run Jest tests	2026-10-10T16:50:34.5964566Z 
Verify	Run Jest tests	2026-10-10T16:50:34.5965004Z       at debug (shared/lib/logger.ts:133:18)
Verify	Run Jest tests	2026-10-10T16:50:34.5965545Z 
Verify	Run Jest tests	2026-10-10T16:50:34.5965881Z     console.debug
Verify	Run Jest tests	2026-10-10T16:50:34.5966692Z       [analytics] screen { type: 'screen', name: '/', properties: undefined }
Verify	Run Jest tests	2026-10-10T16:50:34.5967414Z 
Verify	Run Jest tests	2026-10-10T16:50:34.5967835Z       at debug (shared/lib/logger.ts:133:18)
Verify	Run Jest tests	2026-10-10T16:50:34.5968353Z 
Verify	Run Jest tests	2026-10-10T16:50:34.5968695Z     console.debug
Verify	Run Jest tests	2026-10-10T16:50:34.5969539Z       [analytics] screen { type: 'screen', name: '/boom', properties: undefined }
Verify	Run Jest tests	2026-10-10T16:50:34.5970290Z 
Verify	Run Jest tests	2026-10-10T16:50:34.5970748Z       at debug (shared/lib/logger.ts:133:18)
Verify	Run Jest tests	2026-10-10T16:50:34.5971802Z 
Verify	Run Jest tests	2026-10-10T16:50:34.5972152Z     console.debug
Verify	Run Jest tests	2026-10-10T16:50:34.5972986Z       [analytics] screen { type: 'screen', name: '/', properties: undefined }
Verify	Run Jest tests	2026-10-10T16:50:34.5973957Z 
Verify	Run Jest tests	2026-10-10T16:50:34.5974420Z       at debug (shared/lib/logger.ts:133:18)
Verify	Run Jest tests	2026-10-10T16:50:34.5974999Z 
Verify	Run Jest tests	2026-10-10T16:50:34.5975357Z     console.debug
Verify	Run Jest tests	2026-10-10T16:50:34.5976258Z       [analytics] screen { type: 'screen', name: '/boom', properties: undefined }
Verify	Run Jest tests	2026-10-10T16:50:34.5977037Z 
Verify	Run Jest tests	2026-10-10T16:50:34.5977481Z       at debug (shared/lib/logger.ts:133:18)
Verify	Run Jest tests	2026-10-10T16:50:34.5978019Z 
Verify	Run Jest tests	2026-10-10T16:50:34.5978351Z     console.debug
Verify	Run Jest tests	2026-10-10T16:50:34.5979185Z       [analytics] screen { type: 'screen', name: '/', properties: undefined }
Verify	Run Jest tests	2026-10-10T16:50:34.5979900Z 
Verify	Run Jest tests	2026-10-10T16:50:34.5980332Z       at debug (shared/lib/logger.ts:133:18)
Verify	Run Jest tests	2026-10-10T16:50:34.5980885Z 
Verify	Run Jest tests	2026-10-10T16:50:34.5981239Z     console.debug
Verify	Run Jest tests	2026-10-10T16:50:34.5982099Z       [analytics] screen { type: 'screen', name: '/boom', properties: undefined }
Verify	Run Jest tests	2026-10-10T16:50:34.5984540Z 
Verify	Run Jest tests	2026-10-10T16:50:34.5985055Z       at debug (shared/lib/logger.ts:133:18)
Verify	Run Jest tests	2026-10-10T16:50:34.5985939Z 
Verify	Run Jest tests	2026-10-10T16:50:34.7669823Z PASS __tests__/shared/config/env.test.ts
Verify	Run Jest tests	2026-10-10T16:50:35.1254272Z PASS __tests__/shared/lib/useFetch.test.tsx
Verify	Run Jest tests	2026-10-10T16:50:36.2028555Z PASS __tests__/shared/session/tokenStore.test.tsx
Verify	Run Jest tests	2026-10-10T16:50:36.2112724Z   ● Console
Verify	Run Jest tests	2026-10-10T16:50:36.2113279Z 
Verify	Run Jest tests	2026-10-10T16:50:36.2114167Z     console.debug
Verify	Run Jest tests	2026-10-10T16:50:36.2115140Z       [analytics] screen { type: 'screen', name: '/login', properties: undefined }
Verify	Run Jest tests	2026-10-10T16:50:36.2115876Z 
Verify	Run Jest tests	2026-10-10T16:50:36.2116312Z       at debug (shared/lib/logger.ts:133:18)
Verify	Run Jest tests	2026-10-10T16:50:36.2116853Z 
Verify	Run Jest tests	2026-10-10T16:50:36.2117181Z     console.debug
Verify	Run Jest tests	2026-10-10T16:50:36.2118007Z       [analytics] screen { type: 'screen', name: '/', properties: undefined }
Verify	Run Jest tests	2026-10-10T16:50:36.2118722Z 
Verify	Run Jest tests	2026-10-10T16:50:36.2119155Z       at debug (shared/lib/logger.ts:133:18)
Verify	Run Jest tests	2026-10-10T16:50:36.2119678Z 
Verify	Run Jest tests	2026-10-10T16:50:36.2120048Z     console.debug
Verify	Run Jest tests	2026-10-10T16:50:36.2120925Z       [analytics] screen { type: 'screen', name: '/login', properties: undefined }
Verify	Run Jest tests	2026-10-10T16:50:36.2121662Z 
Verify	Run Jest tests	2026-10-10T16:50:36.2122093Z       at debug (shared/lib/logger.ts:133:18)
Verify	Run Jest tests	2026-10-10T16:50:36.2122623Z 
Verify	Run Jest tests	2026-10-10T16:50:36.2122965Z     console.debug
Verify	Run Jest tests	2026-10-10T16:50:36.2124009Z       [analytics] screen { type: 'screen', name: '/', properties: undefined }
Verify	Run Jest tests	2026-10-10T16:50:36.2124750Z 
Verify	Run Jest tests	2026-10-10T16:50:36.2125194Z       at debug (shared/lib/logger.ts:133:18)
Verify	Run Jest tests	2026-10-10T16:50:36.2125724Z 
Verify	Run Jest tests	2026-10-10T16:50:36.2126053Z     console.debug
Verify	Run Jest tests	2026-10-10T16:50:36.2126885Z       [analytics] screen { type: 'screen', name: '/', properties: undefined }
Verify	Run Jest tests	2026-10-10T16:50:36.2127560Z 
Verify	Run Jest tests	2026-10-10T16:50:36.2127972Z       at debug (shared/lib/logger.ts:133:18)
Verify	Run Jest tests	2026-10-10T16:50:36.2128481Z 
Verify	Run Jest tests	2026-10-10T16:50:36.4278087Z PASS __tests__/shared/http/api.test.ts
Verify	Run Jest tests	2026-10-10T16:50:36.4295911Z   ● Console
Verify	Run Jest tests	2026-10-10T16:50:36.4296527Z 
Verify	Run Jest tests	2026-10-10T16:50:36.4297015Z     console.warn
Verify	Run Jest tests	2026-10-10T16:50:36.4297646Z       API request failed: server (503)
Verify	Run Jest tests	2026-10-10T16:50:36.4298229Z 
Verify	Run Jest tests	2026-10-10T16:50:36.4299714Z     ^[[0m ^[[90m 129 |^[[39m     ^[[36mconst^[[39m args ^[[33m=^[[39m [message^[[33m,^[[39m ^[[33m...^[[39mdetails^[[33m.^[[39mfilter(item ^[[33m=>^[[39m item ^[[33m!==^[[39m undefined)]^[[33m;^[[39m
Verify	Run Jest tests	2026-10-10T16:50:36.4301698Z      ^[[90m 130 |^[[39m     ^[[36mif^[[39m (level ^[[33m===^[[39m ^[[32m'error'^[[39m) console^[[33m.^[[39merror(^[[33m...^[[39margs)^[[33m;^[[39m
Verify	Run Jest tests	2026-10-10T16:50:36.4303904Z     ^[[31m^[[1m>^[[22m^[[39m^[[90m 131 |^[[39m     ^[[36melse^[[39m ^[[36mif^[[39m (level ^[[33m===^[[39m ^[[32m'warn'^[[39m) console^[[33m.^[[39mwarn(^[[33m...^[[39margs)^[[33m;^[[39m
Verify	Run Jest tests	2026-10-10T16:50:36.4305378Z      ^[[90m     |^[[39m                                        ^[[31m^[[1m^^[[22m^[[39m
Verify	Run Jest tests	2026-10-10T16:50:36.4306882Z      ^[[90m 132 |^[[39m     ^[[36melse^[[39m ^[[36mif^[[39m (level ^[[33m===^[[39m ^[[32m'info'^[[39m) console^[[33m.^[[39minfo(^[[33m...^[[39margs)^[[33m;^[[39m
Verify	Run Jest tests	2026-10-10T16:50:36.4308407Z      ^[[90m 133 |^[[39m     ^[[36melse^[[39m console^[[33m.^[[39mdebug(^[[33m...^[[39margs)^[[33m;^[[39m
Verify	Run Jest tests	2026-10-10T16:50:36.4310132Z      ^[[90m 134 |^[[39m   }^[[33m;^[[39m^[[0m
Verify	Run Jest tests	2026-10-10T16:50:36.4314171Z 
Verify	Run Jest tests	2026-10-10T16:50:36.4314666Z       at warn (shared/lib/logger.ts:131:40)
Verify	Run Jest tests	2026-10-10T16:50:36.4315546Z       at Object.write [as warn] (shared/lib/logger.ts:142:33)
Verify	Run Jest tests	2026-10-10T16:50:36.4316506Z       at warn (shared/http/httpClient.ts:137:12)
Verify	Run Jest tests	2026-10-10T16:50:36.4317593Z       at asyncGeneratorStep (node_modules/@babel/runtime/helpers/asyncToGenerator.js:3:17)
Verify	Run Jest tests	2026-10-10T16:50:36.4318852Z       at _next (node_modules/@babel/runtime/helpers/asyncToGenerator.js:17:9)
Verify	Run Jest tests	2026-10-10T16:50:36.4319916Z       at node_modules/@babel/runtime/helpers/asyncToGenerator.js:22:7
Verify	Run Jest tests	2026-10-10T16:50:36.4320934Z       at node_modules/@babel/runtime/helpers/asyncToGenerator.js:14:12
Verify	Run Jest tests	2026-10-10T16:50:36.4321837Z       at apply (shared/http/httpClient.ts:143:4)
Verify	Run Jest tests	2026-10-10T16:50:36.4322754Z       at Axios.request (node_modules/axios/dist/browser/axios.cjs:5245:14)
Verify	Run Jest tests	2026-10-10T16:50:36.4323428Z 
Verify	Run Jest tests	2026-10-10T16:50:36.9892552Z PASS __tests__/features/auth/LoginScreen.test.tsx
Verify	Run Jest tests	2026-10-10T16:50:36.9928135Z   ● Console
Verify	Run Jest tests	2026-10-10T16:50:36.9929199Z 
Verify	Run Jest tests	2026-10-10T16:50:36.9929662Z     console.error
Verify	Run Jest tests	2026-10-10T16:50:36.9930594Z       An update to SessionProvider inside a test was not wrapped in act(...).
Verify	Run Jest tests	2026-10-10T16:50:36.9931470Z       
Verify	Run Jest tests	2026-10-10T16:50:36.9932370Z       When testing, code that causes React state updates should be wrapped into act(...):
Verify	Run Jest tests	2026-10-10T16:50:36.9933294Z       
Verify	Run Jest tests	2026-10-10T16:50:36.9934095Z       act(() => {
Verify	Run Jest tests	2026-10-10T16:50:36.9934737Z         /* fire events that update state */
Verify	Run Jest tests	2026-10-10T16:50:36.9935413Z       });
Verify	Run Jest tests	2026-10-10T16:50:36.9935999Z       /* assert on the output */
Verify	Run Jest tests	2026-10-10T16:50:36.9936606Z       
Verify	Run Jest tests	2026-10-10T16:50:36.9937879Z       This ensures that you're testing the behavior the user would see in the browser. Learn more at https://react.dev/link/wrap-tests-with-act
Verify	Run Jest tests	2026-10-10T16:50:36.9939043Z 
Verify	Run Jest tests	2026-10-10T16:50:36.9939960Z     ^[[0m ^[[90m 91 |^[[39m     readStoredSession()^[[33m.^[[39mthen(restored ^[[33m=>^[[39m {
Verify	Run Jest tests	2026-10-10T16:50:36.9941562Z      ^[[90m 92 |^[[39m       ^[[36mif^[[39m (^[[33m!^[[39mchangedRef^[[33m.^[[39mcurrent ^[[33m&&^[[39m isMountedRef^[[33m.^[[39mcurrent) {
Verify	Run Jest tests	2026-10-10T16:50:36.9943095Z     ^[[31m^[[1m>^[[22m^[[39m^[[90m 93 |^[[39m         setSession(restored)^[[33m;^[[39m
Verify	Run Jest tests	2026-10-10T16:50:36.9944393Z      ^[[90m    |^[[39m         ^[[31m^[[1m^^[[22m^[[39m
Verify	Run Jest tests	2026-10-10T16:50:36.9945201Z      ^[[90m 94 |^[[39m       }
Verify	Run Jest tests	2026-10-10T16:50:36.9946004Z      ^[[90m 95 |^[[39m     })^[[33m;^[[39m
Verify	Run Jest tests	2026-10-10T16:50:36.9947167Z      ^[[90m 96 |^[[39m     ^[[90m// The HTTP client has already cleared the stored session.^[[39m^[[0m
Verify	Run Jest tests	2026-10-10T16:50:36.9948006Z 
Verify	Run Jest tests	2026-10-10T16:50:36.9948744Z       at node_modules/react-test-renderer/cjs/react-test-renderer.development.js:14402:19
Verify	Run Jest tests	2026-10-10T16:50:36.9950316Z       at runWithFiberInDEV (node_modules/react-test-renderer/cjs/react-test-renderer.development.js:2315:13)
Verify	Run Jest tests	2026-10-10T16:50:36.9952104Z       at warnIfUpdatesNotWrappedWithActDEV (node_modules/react-test-renderer/cjs/react-test-renderer.development.js:14401:9)
Verify	Run Jest tests	2026-10-10T16:50:36.9954250Z       at scheduleUpdateOnFiber (node_modules/react-test-renderer/cjs/react-test-renderer.development.js:12086:9)
Verify	Run Jest tests	2026-10-10T16:50:36.9956015Z       at dispatchSetStateInternal (node_modules/react-test-renderer/cjs/react-test-renderer.development.js:6208:13)
Verify	Run Jest tests	2026-10-10T16:50:36.9957771Z       at dispatchSetState (node_modules/react-test-renderer/cjs/react-test-renderer.development.js:6165:7)
Verify	Run Jest tests	2026-10-10T16:50:36.9959156Z       at setSession (shared/session/SessionProvider.tsx:93:9)
Verify	Run Jest tests	2026-10-10T16:50:36.9959855Z 
Verify	Run Jest tests	2026-10-10T16:50:36.9960217Z     console.error
Verify	Run Jest tests	2026-10-10T16:50:36.9961103Z       An update to SessionProvider inside a test was not wrapped in act(...).
Verify	Run Jest tests	2026-10-10T16:50:36.9961982Z       
Verify	Run Jest tests	2026-10-10T16:50:36.9962880Z       When testing, code that causes React state updates should be wrapped into act(...):
Verify	Run Jest tests	2026-10-10T16:50:36.9964274Z       
Verify	Run Jest tests	2026-10-10T16:50:36.9964982Z       act(() => {
Verify	Run Jest tests	2026-10-10T16:50:36.9966283Z         /* fire events that update state */
Verify	Run Jest tests	2026-10-10T16:50:36.9967005Z       });
Verify	Run Jest tests	2026-10-10T16:50:36.9967632Z       /* assert on the output */
Verify	Run Jest tests	2026-10-10T16:50:36.9968256Z       
Verify	Run Jest tests	2026-10-10T16:50:36.9969564Z       This ensures that you're testing the behavior the user would see in the browser. Learn more at https://react.dev/link/wrap-tests-with-act
Verify	Run Jest tests	2026-10-10T16:50:36.9970731Z 
Verify	Run Jest tests	2026-10-10T16:50:36.9971595Z     ^[[0m ^[[90m 91 |^[[39m     readStoredSession()^[[33m.^[[39mthen(restored ^[[33m=>^[[39m {
Verify	Run Jest tests	2026-10-10T16:50:36.9973233Z      ^[[90m 92 |^[[39m       ^[[36mif^[[39m (^[[33m!^[[39mchangedRef^[[33m.^[[39mcurrent ^[[33m&&^[[39m isMountedRef^[[33m.^[[39mcurrent) {
Verify	Run Jest tests	2026-10-10T16:50:36.9975093Z     ^[[31m^[[1m>^[[22m^[[39m^[[90m 93 |^[[39m         setSession(restored)^[[33m;^[[39m
Verify	Run Jest tests	2026-10-10T16:50:36.9976235Z      ^[[90m    |^[[39m         ^[[31m^[[1m^^[[22m^[[39m
Verify	Run Jest tests	2026-10-10T16:50:36.9977042Z      ^[[90m 94 |^[[39m       }
Verify	Run Jest tests	2026-10-10T16:50:36.9977906Z      ^[[90m 95 |^[[39m     })^[[33m;^[[39m
Verify	Run Jest tests	2026-10-10T16:50:36.9979300Z      ^[[90m 96 |^[[39m     ^[[90m// The HTTP client has already cleared the stored session.^[[39m^[[0m
Verify	Run Jest tests	2026-10-10T16:50:36.9980523Z 
Verify	Run Jest tests	2026-10-10T16:50:36.9981354Z       at node_modules/react-test-renderer/cjs/react-test-renderer.development.js:14402:19
Verify	Run Jest tests	2026-10-10T16:50:36.9983051Z       at runWithFiberInDEV (node_modules/react-test-renderer/cjs/react-test-renderer.development.js:2315:13)
Verify	Run Jest tests	2026-10-10T16:50:36.9985514Z       at warnIfUpdatesNotWrappedWithActDEV (node_modules/react-test-renderer/cjs/react-test-renderer.development.js:14401:9)
Verify	Run Jest tests	2026-10-10T16:50:36.9987432Z       at scheduleUpdateOnFiber (node_modules/react-test-renderer/cjs/react-test-renderer.development.js:12086:9)
Verify	Run Jest tests	2026-10-10T16:50:36.9989368Z       at dispatchSetStateInternal (node_modules/react-test-renderer/cjs/react-test-renderer.development.js:6208:13)
Verify	Run Jest tests	2026-10-10T16:50:36.9991275Z       at dispatchSetState (node_modules/react-test-renderer/cjs/react-test-renderer.development.js:6165:7)
Verify	Run Jest tests	2026-10-10T16:50:36.9992741Z       at setSession (shared/session/SessionProvider.tsx:93:9)
Verify	Run Jest tests	2026-10-10T16:50:36.9993507Z 
Verify	Run Jest tests	2026-10-10T16:50:38.2318443Z PASS __tests__/features/notes/NotesScreen.test.tsx
Verify	Run Jest tests	2026-10-10T16:50:38.2334999Z   ● Console
Verify	Run Jest tests	2026-10-10T16:50:38.2335595Z 
Verify	Run Jest tests	2026-10-10T16:50:38.2336064Z     console.warn
Verify	Run Jest tests	2026-10-10T16:50:38.2336787Z       API GET /api/v1/notes failed: server (503)
Verify	Run Jest tests	2026-10-10T16:50:38.2337376Z 
Verify	Run Jest tests	2026-10-10T16:50:38.2338779Z     ^[[0m ^[[90m 129 |^[[39m     ^[[36mconst^[[39m args ^[[33m=^[[39m [message^[[33m,^[[39m ^[[33m...^[[39mdetails^[[33m.^[[39mfilter(item ^[[33m=>^[[39m item ^[[33m!==^[[39m undefined)]^[[33m;^[[39m
Verify	Run Jest tests	2026-10-10T16:50:38.2340887Z      ^[[90m 130 |^[[39m     ^[[36mif^[[39m (level ^[[33m===^[[39m ^[[32m'error'^[[39m) console^[[33m.^[[39merror(^[[33m...^[[39margs)^[[33m;^[[39m
Verify	Run Jest tests	2026-10-10T16:50:38.2342851Z     ^[[31m^[[1m>^[[22m^[[39m^[[90m 131 |^[[39m     ^[[36melse^[[39m ^[[36mif^[[39m (level ^[[33m===^[[39m ^[[32m'warn'^[[39m) console^[[33m.^[[39mwarn(^[[33m...^[[39margs)^[[33m;^[[39m
Verify	Run Jest tests	2026-10-10T16:50:38.2344687Z      ^[[90m     |^[[39m                                        ^[[31m^[[1m^^[[22m^[[39m
Verify	Run Jest tests	2026-10-10T16:50:38.2346265Z      ^[[90m 132 |^[[39m     ^[[36melse^[[39m ^[[36mif^[[39m (level ^[[33m===^[[39m ^[[32m'info'^[[39m) console^[[33m.^[[39minfo(^[[33m...^[[39margs)^[[33m;^[[39m
Verify	Run Jest tests	2026-10-10T16:50:38.2347824Z      ^[[90m 133 |^[[39m     ^[[36melse^[[39m console^[[33m.^[[39mdebug(^[[33m...^[[39margs)^[[33m;^[[39m
Verify	Run Jest tests	2026-10-10T16:50:38.2348858Z      ^[[90m 134 |^[[39m   }^[[33m;^[[39m^[[0m
Verify	Run Jest tests	2026-10-10T16:50:38.2349371Z 
Verify	Run Jest tests	2026-10-10T16:50:38.2349792Z       at warn (shared/lib/logger.ts:131:40)
Verify	Run Jest tests	2026-10-10T16:50:38.2350639Z       at Object.write [as warn] (shared/lib/logger.ts:142:33)
Verify	Run Jest tests	2026-10-10T16:50:38.2351502Z       at warn (shared/http/httpClient.ts:137:12)
Verify	Run Jest tests	2026-10-10T16:50:38.2352590Z       at asyncGeneratorStep (node_modules/@babel/runtime/helpers/asyncToGenerator.js:3:17)
Verify	Run Jest tests	2026-10-10T16:50:38.2354054Z       at _next (node_modules/@babel/runtime/helpers/asyncToGenerator.js:17:9)
Verify	Run Jest tests	2026-10-10T16:50:38.2355142Z       at node_modules/@babel/runtime/helpers/asyncToGenerator.js:22:7
Verify	Run Jest tests	2026-10-10T16:50:38.2356223Z       at node_modules/@babel/runtime/helpers/asyncToGenerator.js:14:12
Verify	Run Jest tests	2026-10-10T16:50:38.2357677Z       at apply (shared/http/httpClient.ts:143:4)
Verify	Run Jest tests	2026-10-10T16:50:38.2358663Z       at Axios.request (node_modules/axios/dist/browser/axios.cjs:5245:14)
Verify	Run Jest tests	2026-10-10T16:50:38.2359382Z 
Verify	Run Jest tests	2026-10-10T16:50:38.4196476Z PASS __tests__/shared/integrations/seams.test.ts
Verify	Run Jest tests	2026-10-10T16:50:39.4715052Z PASS __tests__/features/home/HomeScreen.test.tsx
Verify	Run Jest tests	2026-10-10T16:50:39.5952033Z PASS __tests__/app/appConfig.test.ts
Verify	Run Jest tests	2026-10-10T16:50:39.7005530Z PASS __tests__/shared/storage/storage.test.ts
Verify	Run Jest tests	2026-10-10T16:50:40.3093455Z PASS __tests__/shared/integrations/memoryAnalytics.test.tsx
Verify	Run Jest tests	2026-10-10T16:50:40.3132785Z   ● Console
Verify	Run Jest tests	2026-10-10T16:50:40.3141330Z 
Verify	Run Jest tests	2026-10-10T16:50:40.3141856Z     console.debug
Verify	Run Jest tests	2026-10-10T16:50:40.3142845Z       [analytics] track { type: 'track', name: 'a', properties: undefined }
Verify	Run Jest tests	2026-10-10T16:50:40.3143840Z 
Verify	Run Jest tests	2026-10-10T16:50:40.3144321Z       at debug (shared/lib/logger.ts:133:18)
Verify	Run Jest tests	2026-10-10T16:50:40.3144869Z 
Verify	Run Jest tests	2026-10-10T16:50:40.3145263Z     console.debug
Verify	Run Jest tests	2026-10-10T16:50:40.3146101Z       [analytics] track { type: 'track', name: 'b', properties: undefined }
Verify	Run Jest tests	2026-10-10T16:50:40.3147368Z 
Verify	Run Jest tests	2026-10-10T16:50:40.3147836Z       at debug (shared/lib/logger.ts:133:18)
Verify	Run Jest tests	2026-10-10T16:50:40.3148377Z 
Verify	Run Jest tests	2026-10-10T16:50:40.3148712Z     console.debug
Verify	Run Jest tests	2026-10-10T16:50:40.3149525Z       [analytics] track { type: 'track', name: 'c', properties: undefined }
Verify	Run Jest tests	2026-10-10T16:50:40.3150204Z 
Verify	Run Jest tests	2026-10-10T16:50:40.3150630Z       at debug (shared/lib/logger.ts:133:18)
Verify	Run Jest tests	2026-10-10T16:50:40.3151170Z 
Verify	Run Jest tests	2026-10-10T16:50:40.3151505Z     console.debug
Verify	Run Jest tests	2026-10-10T16:50:40.3152354Z       [analytics] screen { type: 'screen', name: '/notes', properties: undefined }
Verify	Run Jest tests	2026-10-10T16:50:40.3156282Z 
Verify	Run Jest tests	2026-10-10T16:50:40.3157445Z       at debug (shared/lib/logger.ts:133:18)
Verify	Run Jest tests	2026-10-10T16:50:40.3158050Z 
Verify	Run Jest tests	2026-10-10T16:50:41.0137701Z PASS __tests__/shared/integrations/i18n.test.tsx
Verify	Run Jest tests	2026-10-10T16:50:41.0173022Z   ● Console
Verify	Run Jest tests	2026-10-10T16:50:41.0173499Z 
Verify	Run Jest tests	2026-10-10T16:50:41.0174342Z     console.debug
Verify	Run Jest tests	2026-10-10T16:50:41.0175256Z       [analytics] screen { type: 'screen', name: '/', properties: undefined }
Verify	Run Jest tests	2026-10-10T16:50:41.0176014Z 
Verify	Run Jest tests	2026-10-10T16:50:41.0176460Z       at debug (shared/lib/logger.ts:133:18)
Verify	Run Jest tests	2026-10-10T16:50:41.0177004Z 
Verify	Run Jest tests	2026-10-10T16:50:41.0177329Z     console.debug
Verify	Run Jest tests	2026-10-10T16:50:41.0178196Z       [analytics] screen { type: 'screen', name: '/login', properties: undefined }
Verify	Run Jest tests	2026-10-10T16:50:41.0178925Z 
Verify	Run Jest tests	2026-10-10T16:50:41.0179337Z       at debug (shared/lib/logger.ts:133:18)
Verify	Run Jest tests	2026-10-10T16:50:41.0179882Z 
Verify	Run Jest tests	2026-10-10T16:50:41.3863111Z PASS __tests__/shared/ui/theme.test.ts
Verify	Run Jest tests	2026-10-10T16:50:41.9904833Z PASS __tests__/app/tabBarTheme.test.tsx
Verify	Run Jest tests	2026-10-10T16:50:41.9954835Z   ● Console
Verify	Run Jest tests	2026-10-10T16:50:41.9994280Z 
Verify	Run Jest tests	2026-10-10T16:50:42.0014987Z     console.debug
Verify	Run Jest tests	2026-10-10T16:50:42.0016117Z       [analytics] screen { type: 'screen', name: '/', properties: undefined }
Verify	Run Jest tests	2026-10-10T16:50:42.0017221Z 
Verify	Run Jest tests	2026-10-10T16:50:42.0017811Z       at debug (shared/lib/logger.ts:133:18)
Verify	Run Jest tests	2026-10-10T16:50:42.0018506Z 
Verify	Run Jest tests	2026-10-10T16:50:42.0018989Z     console.debug
Verify	Run Jest tests	2026-10-10T16:50:42.0019964Z       [analytics] screen { type: 'screen', name: '/', properties: undefined }
Verify	Run Jest tests	2026-10-10T16:50:42.0020815Z 
Verify	Run Jest tests	2026-10-10T16:50:42.0021326Z       at debug (shared/lib/logger.ts:133:18)
Verify	Run Jest tests	2026-10-10T16:50:42.0021956Z 
Verify	Run Jest tests	2026-10-10T16:50:42.7150325Z PASS __tests__/app/initialRoute.test.tsx
Verify	Run Jest tests	2026-10-10T16:50:42.7218506Z   ● Console
Verify	Run Jest tests	2026-10-10T16:50:42.7218998Z 
Verify	Run Jest tests	2026-10-10T16:50:42.7219429Z     console.debug
Verify	Run Jest tests	2026-10-10T16:50:42.7220358Z       [analytics] screen { type: 'screen', name: '/', properties: undefined }
Verify	Run Jest tests	2026-10-10T16:50:42.7221197Z 
Verify	Run Jest tests	2026-10-10T16:50:42.7221640Z       at debug (shared/lib/logger.ts:133:18)
Verify	Run Jest tests	2026-10-10T16:50:42.7222162Z 
Verify	Run Jest tests	2026-10-10T16:50:42.7222511Z     console.debug
Verify	Run Jest tests	2026-10-10T16:50:42.7223375Z       [analytics] screen { type: 'screen', name: '/login', properties: undefined }
Verify	Run Jest tests	2026-10-10T16:50:42.7224379Z 
Verify	Run Jest tests	2026-10-10T16:50:42.7224827Z       at debug (shared/lib/logger.ts:133:18)
Verify	Run Jest tests	2026-10-10T16:50:42.7225907Z 
Verify	Run Jest tests	2026-10-10T16:50:42.7226240Z     console.debug
Verify	Run Jest tests	2026-10-10T16:50:42.7227097Z       [analytics] screen { type: 'screen', name: '/login', properties: undefined }
Verify	Run Jest tests	2026-10-10T16:50:42.7227890Z 
Verify	Run Jest tests	2026-10-10T16:50:42.7228315Z       at debug (shared/lib/logger.ts:133:18)
Verify	Run Jest tests	2026-10-10T16:50:42.7228849Z 
Verify	Run Jest tests	2026-10-10T16:50:42.7229183Z     console.debug
Verify	Run Jest tests	2026-10-10T16:50:42.7230009Z       [analytics] screen { type: 'screen', name: '/', properties: undefined }
Verify	Run Jest tests	2026-10-10T16:50:42.7230710Z 
Verify	Run Jest tests	2026-10-10T16:50:42.7231144Z       at debug (shared/lib/logger.ts:133:18)
Verify	Run Jest tests	2026-10-10T16:50:42.7231677Z 
Verify	Run Jest tests	2026-10-10T16:50:43.1814742Z PASS __tests__/shared/ui/LoadingScreen.test.tsx
Verify	Run Jest tests	2026-10-10T16:50:43.7792374Z PASS __tests__/shared/integrations/screenTracking.test.tsx
Verify	Run Jest tests	2026-10-10T16:50:44.5034640Z PASS __tests__/app/statusBar.test.tsx
Verify	Run Jest tests	2026-10-10T16:50:44.5075691Z   ● Console
Verify	Run Jest tests	2026-10-10T16:50:44.5076236Z 
Verify	Run Jest tests	2026-10-10T16:50:44.5076759Z     console.debug
Verify	Run Jest tests	2026-10-10T16:50:44.5077763Z       [analytics] screen { type: 'screen', name: '/', properties: undefined }
Verify	Run Jest tests	2026-10-10T16:50:44.5078533Z 
Verify	Run Jest tests	2026-10-10T16:50:44.5078999Z       at debug (shared/lib/logger.ts:133:18)
Verify	Run Jest tests	2026-10-10T16:50:44.5080082Z 
Verify	Run Jest tests	2026-10-10T16:50:44.5080464Z     console.debug
Verify	Run Jest tests	2026-10-10T16:50:44.5081321Z       [analytics] screen { type: 'screen', name: '/', properties: undefined }
Verify	Run Jest tests	2026-10-10T16:50:44.5082064Z 
Verify	Run Jest tests	2026-10-10T16:50:44.5082507Z       at debug (shared/lib/logger.ts:133:18)
Verify	Run Jest tests	2026-10-10T16:50:44.5083034Z 
Verify	Run Jest tests	2026-10-10T16:50:45.0290954Z PASS __tests__/app/configError.test.tsx
Verify	Run Jest tests	2026-10-10T16:50:45.0310126Z   ● Console
Verify	Run Jest tests	2026-10-10T16:50:45.0310555Z 
Verify	Run Jest tests	2026-10-10T16:50:45.0310962Z     console.debug
Verify	Run Jest tests	2026-10-10T16:50:45.0311911Z       [analytics] screen { type: 'screen', name: '/', properties: undefined }
Verify	Run Jest tests	2026-10-10T16:50:45.0312653Z 
Verify	Run Jest tests	2026-10-10T16:50:45.0313090Z       at debug (shared/lib/logger.ts:133:18)
Verify	Run Jest tests	2026-10-10T16:50:45.0313873Z 
Verify	Run Jest tests	2026-10-10T16:50:45.7522634Z PASS __tests__/app/notesTab.test.tsx
Verify	Run Jest tests	2026-10-10T16:50:45.7575208Z   ● Console
Verify	Run Jest tests	2026-10-10T16:50:45.7575708Z 
Verify	Run Jest tests	2026-10-10T16:50:45.7576130Z     console.debug
Verify	Run Jest tests	2026-10-10T16:50:45.7577084Z       [analytics] screen { type: 'screen', name: '/', properties: undefined }
Verify	Run Jest tests	2026-10-10T16:50:45.7577858Z 
Verify	Run Jest tests	2026-10-10T16:50:45.7578301Z       at debug (shared/lib/logger.ts:133:18)
Verify	Run Jest tests	2026-10-10T16:50:45.7578868Z 
Verify	Run Jest tests	2026-10-10T16:50:45.7579229Z     console.debug
Verify	Run Jest tests	2026-10-10T16:50:45.7580088Z       [analytics] screen { type: 'screen', name: '/notes', properties: undefined }
Verify	Run Jest tests	2026-10-10T16:50:45.7580844Z 
Verify	Run Jest tests	2026-10-10T16:50:45.7581271Z       at debug (shared/lib/logger.ts:133:18)
Verify	Run Jest tests	2026-10-10T16:50:45.7581807Z 
Verify	Run Jest tests	2026-10-10T16:50:45.7582150Z     console.debug
Verify	Run Jest tests	2026-10-10T16:50:45.7583033Z       [analytics] screen { type: 'screen', name: '/login', properties: undefined }
Verify	Run Jest tests	2026-10-10T16:50:45.7584451Z 
Verify	Run Jest tests	2026-10-10T16:50:45.7584926Z       at debug (shared/lib/logger.ts:133:18)
Verify	Run Jest tests	2026-10-10T16:50:45.7585479Z 
Verify	Run Jest tests	2026-10-10T16:50:45.8289828Z ------------------------------|---------|----------|---------|---------|-------------------
Verify	Run Jest tests	2026-10-10T16:50:45.8329621Z File                          | % Stmts | % Branch | % Funcs | % Lines | Uncovered Line #s 
Verify	Run Jest tests	2026-10-10T16:50:45.8331290Z ------------------------------|---------|----------|---------|---------|-------------------
Verify	Run Jest tests	2026-10-10T16:50:45.8332890Z All files                     |   97.99 |    91.48 |   96.15 |   98.17 |                   
Verify	Run Jest tests	2026-10-10T16:50:45.8334215Z  app                          |     100 |      100 |   57.14 |     100 |                   
Verify	Run Jest tests	2026-10-10T16:50:45.8375068Z   _layout.tsx                 |     100 |      100 |   57.14 |     100 |                   
Verify	Run Jest tests	2026-10-10T16:50:45.8376539Z  app/(app)                    |    87.5 |       75 |     100 |     100 |                   
Verify	Run Jest tests	2026-10-10T16:50:45.8404831Z   _layout.tsx                 |    87.5 |       75 |     100 |     100 | 24                
Verify	Run Jest tests	2026-10-10T16:50:45.8427389Z   profile.tsx                 |       0 |        0 |       0 |       0 |                   
Verify	Run Jest tests	2026-10-10T16:50:45.8440340Z  app/(auth)                   |     100 |      100 |     100 |     100 |                   
Verify	Run Jest tests	2026-10-10T16:50:45.8446384Z   _layout.tsx                 |     100 |      100 |     100 |     100 |                   
Verify	Run Jest tests	2026-10-10T16:50:45.8447685Z   login.tsx                   |       0 |        0 |       0 |       0 |                   
Verify	Run Jest tests	2026-10-10T16:50:45.8448905Z  app/(tabs)                   |     100 |      100 |     100 |     100 |                   
Verify	Run Jest tests	2026-10-10T16:50:45.8450130Z   _layout.tsx                 |     100 |      100 |     100 |     100 |                   
Verify	Run Jest tests	2026-10-10T16:50:45.8451306Z   index.tsx                   |       0 |        0 |       0 |       0 |                   
Verify	Run Jest tests	2026-10-10T16:50:45.8452423Z   notes.tsx                   |       0 |        0 |       0 |       0 |                   
Verify	Run Jest tests	2026-10-10T16:50:45.8453802Z  features/auth                |     100 |    91.66 |     100 |     100 |                   
Verify	Run Jest tests	2026-10-10T16:50:45.8455099Z   siteNotesAdapter.ts         |     100 |    91.66 |     100 |     100 | 53                
Verify	Run Jest tests	2026-10-10T16:50:45.8456402Z  features/auth/screens        |   95.55 |    79.16 |   83.33 |   95.45 |                   
Verify	Run Jest tests	2026-10-10T16:50:45.8457954Z   LoginScreen.tsx             |    92.3 |       80 |      60 |    92.3 | 126-130           
Verify	Run Jest tests	2026-10-10T16:50:45.8459224Z   ProfileScreen.tsx           |     100 |    78.57 |     100 |     100 | 38,67-72          
Verify	Run Jest tests	2026-10-10T16:50:45.8460520Z  features/home/screens        |     100 |     87.5 |     100 |     100 |                   
Verify	Run Jest tests	2026-10-10T16:50:45.8461808Z   HomeScreen.tsx              |     100 |     87.5 |     100 |     100 | 35                
Verify	Run Jest tests	2026-10-10T16:50:45.8463028Z  features/notes               |       0 |        0 |       0 |       0 |                   
Verify	Run Jest tests	2026-10-10T16:50:45.8464442Z   types.ts                    |       0 |        0 |       0 |       0 |                   
Verify	Run Jest tests	2026-10-10T16:50:45.8466910Z  features/notes/api           |     100 |      100 |     100 |     100 |                   
Verify	Run Jest tests	2026-10-10T16:50:45.8468212Z   notesApi.ts                 |     100 |      100 |     100 |     100 |                   
Verify	Run Jest tests	2026-10-10T16:50:45.8469534Z  features/notes/components    |     100 |    83.33 |     100 |     100 |                   
Verify	Run Jest tests	2026-10-10T16:50:45.8470906Z   NotesList.tsx               |     100 |    83.33 |     100 |     100 | 19,44             
Verify	Run Jest tests	2026-10-10T16:50:45.8472195Z  features/notes/screens       |     100 |      100 |     100 |     100 |                   
Verify	Run Jest tests	2026-10-10T16:50:45.8473474Z   NotesScreen.tsx             |     100 |      100 |     100 |     100 |                   
Verify	Run Jest tests	2026-10-10T16:50:45.8475002Z  shared/config                |     100 |    97.95 |     100 |     100 |                   
Verify	Run Jest tests	2026-10-10T16:50:45.8476219Z   env.ts                      |     100 |    97.95 |     100 |     100 | 128               
Verify	Run Jest tests	2026-10-10T16:50:45.8477415Z   featureFlags.ts             |     100 |      100 |     100 |     100 |                   
Verify	Run Jest tests	2026-10-10T16:50:45.8478650Z  shared/http                  |   98.78 |    95.18 |     100 |   98.66 |                   
Verify	Run Jest tests	2026-10-10T16:50:45.8479883Z   api.ts                      |     100 |      100 |     100 |     100 |                   
Verify	Run Jest tests	2026-10-10T16:50:45.8481142Z   apiError.ts                 |   97.29 |    95.55 |     100 |   96.77 | 66                
Verify	Run Jest tests	2026-10-10T16:50:45.8484477Z   httpClient.ts               |     100 |    94.73 |     100 |     100 | 87                
Verify	Run Jest tests	2026-10-10T16:50:45.8485971Z  shared/i18n                  |     100 |    83.33 |     100 |     100 |                   
Verify	Run Jest tests	2026-10-10T16:50:45.8487175Z   en.ts                       |     100 |      100 |     100 |     100 |                   
Verify	Run Jest tests	2026-10-10T16:50:45.8488305Z   index.ts                    |     100 |    83.33 |     100 |     100 | 38                
Verify	Run Jest tests	2026-10-10T16:50:45.8489543Z  shared/integrations          |      96 |       75 |   96.55 |   95.45 |                   
Verify	Run Jest tests	2026-10-10T16:50:45.8490716Z   analytics.ts                |     100 |     87.5 |     100 |     100 | 25                
Verify	Run Jest tests	2026-10-10T16:50:45.8491890Z   errorReporter.ts            |   81.81 |       40 |   83.33 |   77.77 | 41,57             
Verify	Run Jest tests	2026-10-10T16:50:45.8493413Z   featureFlags.ts             |     100 |      100 |     100 |     100 |                   
Verify	Run Jest tests	2026-10-10T16:50:45.8494923Z   pushNotifications.ts        |     100 |      100 |     100 |     100 |                   
Verify	Run Jest tests	2026-10-10T16:50:45.8496166Z   seam.ts                     |     100 |      100 |     100 |     100 |                   
Verify	Run Jest tests	2026-10-10T16:50:45.8497310Z   setup.ts                    |     100 |      100 |     100 |     100 |                   
Verify	Run Jest tests	2026-10-10T16:50:45.8498625Z   updates.ts                  |     100 |      100 |     100 |     100 |                   
Verify	Run Jest tests	2026-10-10T16:50:45.8499878Z   useScreenTracking.ts        |     100 |      100 |     100 |     100 |                   
Verify	Run Jest tests	2026-10-10T16:50:45.8501260Z  shared/integrations/adapters |     100 |      100 |     100 |     100 |                   
Verify	Run Jest tests	2026-10-10T16:50:45.8502597Z   memoryAnalytics.ts          |     100 |      100 |     100 |     100 |                   
Verify	Run Jest tests	2026-10-10T16:50:45.8504120Z  shared/lib                   |   98.01 |    95.38 |   95.23 |   98.86 |                   
Verify	Run Jest tests	2026-10-10T16:50:45.8505560Z   logger.ts                   |   96.87 |    96.15 |   91.66 |   98.18 | 84                
Verify	Run Jest tests	2026-10-10T16:50:45.8508849Z   useFetch.ts                 |     100 |     92.3 |     100 |     100 | 83                
Verify	Run Jest tests	2026-10-10T16:50:45.8510177Z  shared/session               |   98.42 |    91.66 |   97.95 |   98.36 |                   
Verify	Run Jest tests	2026-10-10T16:50:45.8511393Z   SessionProvider.tsx         |   97.95 |    81.81 |     100 |   97.87 | 151               
Verify	Run Jest tests	2026-10-10T16:50:45.8512588Z   authService.ts              |   97.22 |      100 |   91.66 |   97.14 | 77                
Verify	Run Jest tests	2026-10-10T16:50:45.8513958Z   session.ts                  |     100 |      100 |     100 |     100 |                   
Verify	Run Jest tests	2026-10-10T16:50:45.8515175Z   tokenStore.ts               |     100 |      100 |     100 |     100 |                   
Verify	Run Jest tests	2026-10-10T16:50:45.8516359Z  shared/storage               |      92 |       80 |     100 |      92 |                   
Verify	Run Jest tests	2026-10-10T16:50:45.8517583Z   secureStorage.ts            |      80 |       75 |     100 |      80 | 18,26             
Verify	Run Jest tests	2026-10-10T16:50:45.8518818Z   storage.ts                  |     100 |      100 |     100 |     100 |                   
Verify	Run Jest tests	2026-10-10T16:50:45.8519978Z  shared/ui                    |    97.5 |    83.33 |     100 |   97.36 |                   
Verify	Run Jest tests	2026-10-10T16:50:45.8521192Z   ConfigErrorScreen.tsx       |     100 |      100 |     100 |     100 |                   
Verify	Run Jest tests	2026-10-10T16:50:45.8522464Z   ErrorBoundary.tsx           |   96.15 |       75 |     100 |   95.83 | 26                
Verify	Run Jest tests	2026-10-10T16:50:45.8524046Z   LoadingScreen.tsx           |     100 |      100 |     100 |     100 |                   
Verify	Run Jest tests	2026-10-10T16:50:45.8525178Z   theme.ts                    |     100 |      100 |     100 |     100 |                   
Verify	Run Jest tests	2026-10-10T16:50:45.8526423Z ------------------------------|---------|----------|---------|---------|-------------------
Verify	Run Jest tests	2026-10-10T16:50:45.8884517Z 
Verify	Run Jest tests	2026-10-10T16:50:45.8888599Z Test Suites: 27 passed, 27 total
Verify	Run Jest tests	2026-10-10T16:50:45.8889710Z Tests:       221 passed, 221 total
Verify	Run Jest tests	2026-10-10T16:50:45.8890644Z Snapshots:   0 total
Verify	Run Jest tests	2026-10-10T16:50:45.8891340Z Time:        35.854 s
Verify	Run Jest tests	2026-10-10T16:50:45.8892037Z Ran all test suites.
Verify	Expo Doctor	﻿2026-10-10T16:50:46.0308670Z ##[group]Run npx expo-doctor
Verify	Expo Doctor	2026-10-10T16:50:46.0309229Z ^[[36;1mnpx expo-doctor^[[0m
Verify	Expo Doctor	2026-10-10T16:50:46.0402595Z shell: /usr/bin/bash -e {0}
Verify	Expo Doctor	2026-10-10T16:50:46.0403084Z ##[endgroup]
Verify	Expo Doctor	2026-10-10T16:50:47.8604000Z Running 21 checks on your project...
Verify	Expo Doctor	2026-10-10T16:50:55.4185122Z 21/21 checks passed. No issues detected!
Verify	Audit production dependencies (reviewed allowlist)	﻿2026-10-10T16:50:55.4602048Z ##[group]Run npm run audit:check
Verify	Audit production dependencies (reviewed allowlist)	2026-10-10T16:50:55.4602543Z ^[[36;1mnpm run audit:check^[[0m
Verify	Audit production dependencies (reviewed allowlist)	2026-10-10T16:50:55.4670623Z shell: /usr/bin/bash -e {0}
Verify	Audit production dependencies (reviewed allowlist)	2026-10-10T16:50:55.4670922Z ##[endgroup]
Verify	Audit production dependencies (reviewed allowlist)	2026-10-10T16:50:55.5919212Z 
Verify	Audit production dependencies (reviewed allowlist)	2026-10-10T16:50:55.5920469Z > site-notes@1.0.0 audit:check
Verify	Audit production dependencies (reviewed allowlist)	2026-10-10T16:50:55.5926219Z > node scripts/check-audit.js
Verify	Audit production dependencies (reviewed allowlist)	2026-10-10T16:50:55.5927341Z 
Verify	Audit production dependencies (reviewed allowlist)	2026-10-10T16:50:58.0422794Z high     braces GHSA-vfj7-8cjw-p6xm: allowlisted until 2027-01-09 (https://github.com/advisories/GHSA-vfj7-8cjw-p6xm)
Verify	Audit production dependencies (reviewed allowlist)	2026-10-10T16:50:58.0425232Z high     node-forge GHSA-86w9-cpqp-85rv: allowlisted until 2027-01-09 (https://github.com/advisories/GHSA-86w9-cpqp-85rv)
Verify	Audit production dependencies (reviewed allowlist)	2026-10-10T16:50:58.0426919Z moderate decode-uri-component GHSA-vcc3-ghjq-m6fr: reported (not gated)
Verify	Audit production dependencies (reviewed allowlist)	2026-10-10T16:50:58.0428172Z moderate sprintf-js GHSA-hp3w-g68c-fv3c: reported (not gated)
Verify	Audit production dependencies (reviewed allowlist)	2026-10-10T16:50:58.0429314Z moderate uuid GHSA-w5hq-g745-h8pq: reported (not gated)
Verify	Audit production dependencies (reviewed allowlist)	2026-10-10T16:50:58.0430674Z npm audit --omit=dev: 5 advisories (records: 0 critical, 45 high, 16 moderate, 0 low).
Verify	Audit production dependencies (reviewed allowlist)	2026-10-10T16:50:58.0431982Z No unreviewed high or critical advisories.
Verify	Export web build	﻿2026-10-10T16:50:58.0581546Z ##[group]Run npx expo export --platform web --output-dir dist
Verify	Export web build	2026-10-10T16:50:58.0582413Z ^[[36;1mnpx expo export --platform web --output-dir dist^[[0m
Verify	Export web build	2026-10-10T16:50:58.0655000Z shell: /usr/bin/bash -e {0}
Verify	Export web build	2026-10-10T16:50:58.0655477Z ##[endgroup]
Verify	Export web build	2026-10-10T16:50:59.3335905Z Starting Metro Bundler
Verify	Export web build	2026-10-10T16:50:59.3336654Z 
Verify	Export web build	2026-10-10T16:51:30.0395300Z Web Bundled 30362ms index.ts (1181 modules)
Verify	Export web build	2026-10-10T16:51:30.4594585Z 
Verify	Export web build	2026-10-10T16:51:30.4605236Z › Assets (19):
Verify	Export web build	2026-10-10T16:51:30.4666821Z node_modules/@expo/vector-icons/build/vendor/react-native-vector-icons/Fonts/MaterialCommunityIcons.6e435534bd35da5fef04168860a9b8fa.ttf (1.3MB)
Verify	Export web build	2026-10-10T16:51:30.4671052Z node_modules/expo-router/assets/arrow_down.017bc6ba3fc25503e5eb5e53826d48a8.png (9.5KB)
Verify	Export web build	2026-10-10T16:51:30.4681045Z node_modules/expo-router/assets/error.d1ea1496f9057eb392d5bbf3732a61b7.png (469B)
Verify	Export web build	2026-10-10T16:51:30.4682576Z node_modules/expo-router/assets/file.19eeb73b9593a38f8e9f418337fc7d10.png (138B)
Verify	Export web build	2026-10-10T16:51:30.4684256Z node_modules/expo-router/assets/forward.d8b800c443b8972542883e0b9de2bdc6.png (188B)
Verify	Export web build	2026-10-10T16:51:30.4685755Z node_modules/expo-router/assets/pkg.ab19f4cbc543357183a20571f68380a3.png (364B)
Verify	Export web build	2026-10-10T16:51:30.4687514Z node_modules/expo-router/assets/react-navigation/elements/back-icon-mask.0a328cd9c1afd0afe8e3b1ec5165b1b4.png (653B)
Verify	Export web build	2026-10-10T16:51:30.4689398Z node_modules/expo-router/assets/react-navigation/elements/back-icon.35ba0eaec5a4f5ed12ca16fabeae451d.png (207B)
Verify	Export web build	2026-10-10T16:51:30.4691369Z node_modules/expo-router/assets/react-navigation/elements/clear-icon.c94f6478e7ae0cdd9f15de1fcb9e5e55.png (4 variations | 425B)
Verify	Export web build	2026-10-10T16:51:30.4693396Z node_modules/expo-router/assets/react-navigation/elements/close-icon.808e1b1b9b53114ec2838071a7e6daa7.png (4 variations | 235B)
Verify	Export web build	2026-10-10T16:51:30.4695591Z node_modules/expo-router/assets/react-navigation/elements/search-icon.286d67d3f74808a60a78d3ebf1a5fb57.png (928B)
Verify	Export web build	2026-10-10T16:51:30.4697183Z node_modules/expo-router/assets/sitemap.412dd9275b6b48ad28f5e3d81bb1f626.png (465B)
Verify	Export web build	2026-10-10T16:51:30.4698633Z node_modules/expo-router/assets/unmatched.20e71bdf79e3a97bf55fd9e164041578.png (4.8KB)
Verify	Export web build	2026-10-10T16:51:30.4699471Z 
Verify	Export web build	2026-10-10T16:51:30.4700106Z › web bundles (1):
Verify	Export web build	2026-10-10T16:51:30.4728714Z _expo/static/js/web/index-36e7f7273fdfffd8b0ec78de3d9215f1.js (2.3MB)
Verify	Export web build	2026-10-10T16:51:30.4730488Z 
Verify	Export web build	2026-10-10T16:51:30.4731164Z › Files (3):
Verify	Export web build	2026-10-10T16:51:30.4731902Z favicon.ico (15KB)
Verify	Export web build	2026-10-10T16:51:30.4732587Z index.html (1.2KB)
Verify	Export web build	2026-10-10T16:51:30.4733197Z metadata.json (49B)
Verify	Export web build	2026-10-10T16:51:30.4842177Z 
Verify	Export web build	2026-10-10T16:51:30.4846357Z Exported: dist
Verify	Check docs (snippets compile, paths and scripts exist)	﻿2026-10-10T16:51:30.5883537Z ##[group]Run npm install --no-save zustand@5 @reduxjs/toolkit@2 react-redux@9 jotai@3 @tanstack/react-query@5
Verify	Check docs (snippets compile, paths and scripts exist)	2026-10-10T16:51:30.5885647Z ^[[36;1mnpm install --no-save zustand@5 @reduxjs/toolkit@2 react-redux@9 jotai@3 @tanstack/react-query@5^[[0m
Verify	Check docs (snippets compile, paths and scripts exist)	2026-10-10T16:51:30.5886827Z ^[[36;1mnpm run docs:check^[[0m
Verify	Check docs (snippets compile, paths and scripts exist)	2026-10-10T16:51:30.5976929Z shell: /usr/bin/bash -e {0}
Verify	Check docs (snippets compile, paths and scripts exist)	2026-10-10T16:51:30.5977329Z ##[endgroup]
Verify	Check docs (snippets compile, paths and scripts exist)	2026-10-10T16:51:34.8439289Z 
Verify	Check docs (snippets compile, paths and scripts exist)	2026-10-10T16:51:34.8440461Z added 14 packages, and audited 1082 packages in 4s
Verify	Check docs (snippets compile, paths and scripts exist)	2026-10-10T16:51:34.8441649Z 
Verify	Check docs (snippets compile, paths and scripts exist)	2026-10-10T16:51:34.8442795Z 183 packages are looking for funding
Verify	Check docs (snippets compile, paths and scripts exist)	2026-10-10T16:51:34.8444746Z   run `npm fund` for details
Verify	Check docs (snippets compile, paths and scripts exist)	2026-10-10T16:51:35.0483200Z 
Verify	Check docs (snippets compile, paths and scripts exist)	2026-10-10T16:51:35.0484482Z 65 vulnerabilities (16 moderate, 49 high)
Verify	Check docs (snippets compile, paths and scripts exist)	2026-10-10T16:51:35.0485435Z 
Verify	Check docs (snippets compile, paths and scripts exist)	2026-10-10T16:51:35.0486330Z To address all issues (including breaking changes), run:
Verify	Check docs (snippets compile, paths and scripts exist)	2026-10-10T16:51:35.0487726Z   npm audit fix --force
Verify	Check docs (snippets compile, paths and scripts exist)	2026-10-10T16:51:35.0488405Z 
Verify	Check docs (snippets compile, paths and scripts exist)	2026-10-10T16:51:35.0488915Z Run `npm audit` for details.
Verify	Check docs (snippets compile, paths and scripts exist)	2026-10-10T16:51:35.1864548Z 
Verify	Check docs (snippets compile, paths and scripts exist)	2026-10-10T16:51:35.1875356Z > site-notes@1.0.0 docs:check
Verify	Check docs (snippets compile, paths and scripts exist)	2026-10-10T16:51:35.1876349Z > node scripts/check-docs.js
Verify	Check docs (snippets compile, paths and scripts exist)	2026-10-10T16:51:35.1877076Z 
Verify	Check docs (snippets compile, paths and scripts exist)	2026-10-10T16:51:38.5439904Z Checked 17 files: 41 TypeScript snippets compiled with tsc.
Verify	Check docs (snippets compile, paths and scripts exist)	2026-10-10T16:51:38.5441204Z No problems.
Verify	Post Set up Node.js	﻿2026-10-10T16:51:38.5667970Z Post job cleanup.
Verify	Post Set up Node.js	2026-10-10T16:51:38.7013361Z (node:2633) [DEP0040] DeprecationWarning: The `punycode` module is deprecated. Please use a userland alternative instead.
Verify	Post Set up Node.js	2026-10-10T16:51:38.7015706Z (Use `node --trace-deprecation ...` to show where the warning was created)
Verify	Post Set up Node.js	2026-10-10T16:51:38.7018482Z Cache hit occurred on the primary key node-cache-Linux-x64-npm-3bbef70011338b49508a6e09b94e0d6c65f085e94a6336b3c209171cd8315638, not saving cache.
Verify	Post Check out repository	﻿2026-10-10T16:51:38.7178971Z Post job cleanup.
Verify	Post Check out repository	2026-10-10T16:51:38.8178274Z [command]/usr/bin/git version
Verify	Post Check out repository	2026-10-10T16:51:38.8239930Z git version 2.55.0
Verify	Post Check out repository	2026-10-10T16:51:38.8356610Z Temporarily overriding HOME='/home/runner/work/_temp/10587310-f45a-45f5-9e78-32777b08e376' before making global git config changes
Verify	Post Check out repository	2026-10-10T16:51:38.8375767Z Adding repository directory to the temporary git global config as a safe directory
Verify	Post Check out repository	2026-10-10T16:51:38.8386569Z [command]/usr/bin/git config --global --add safe.directory /home/runner/work/rns-adopter-trial-2/rns-adopter-trial-2
Verify	Post Check out repository	2026-10-10T16:51:38.8434734Z [command]/usr/bin/git config --local --name-only --get-regexp core\.sshCommand
Verify	Post Check out repository	2026-10-10T16:51:38.8469860Z [command]/usr/bin/git submodule foreach --recursive sh -c "git config --local --name-only --get-regexp 'core\.sshCommand' && git config --local --unset-all 'core.sshCommand' || :"
Verify	Post Check out repository	2026-10-10T16:51:38.8978922Z [command]/usr/bin/git config --local --name-only --get-regexp http\.https\:\/\/github\.com\/\.extraheader
Verify	Post Check out repository	2026-10-10T16:51:38.9009697Z http.https://github.com/.extraheader
Verify	Post Check out repository	2026-10-10T16:51:38.9055899Z [command]/usr/bin/git config --local --unset-all http.https://github.com/.extraheader
Verify	Post Check out repository	2026-10-10T16:51:38.9122067Z [command]/usr/bin/git submodule foreach --recursive sh -c "git config --local --name-only --get-regexp 'http\.https\:\/\/github\.com\/\.extraheader' && git config --local --unset-all 'http.https://github.com/.extraheader' || :"
Verify	Post Check out repository	2026-10-10T16:51:38.9854917Z [command]/usr/bin/git config --local --name-only --get-regexp ^includeIf\.gitdir:
Verify	Post Check out repository	2026-10-10T16:51:38.9975139Z [command]/usr/bin/git submodule foreach --recursive git config --local --show-origin --name-only --get-regexp remote.origin.url
Verify	Complete job	﻿2026-10-10T16:51:39.0792149Z Cleaning up orphan processes
Verify	Complete job	2026-10-10T16:51:39.1121669Z ##[warning]Node.js 20 is deprecated. The following actions target Node.js 20 but are being forced to run on Node.js 24: actions/checkout@v4, actions/setup-node@v4. For more information see: https://github.blog/changelog/2025-09-19-deprecation-of-node-20-on-github-actions-runners/
