Maestro on Android emulator (native-debug)	Set up job	﻿2026-10-10T06:41:49.1489910Z Current runner version: '2.337.0'
Maestro on Android emulator (native-debug)	Set up job	2026-10-10T06:41:49.1506780Z ##[group]Runner Image Provisioner
Maestro on Android emulator (native-debug)	Set up job	2026-10-10T06:41:49.1507333Z Hosted Compute Agent
Maestro on Android emulator (native-debug)	Set up job	2026-10-10T06:41:49.1507683Z Version: 20261002.596
Maestro on Android emulator (native-debug)	Set up job	2026-10-10T06:41:49.1508086Z Commit: c3d12f3313a95f25162a1503be624f3b0617f8c0
Maestro on Android emulator (native-debug)	Set up job	2026-10-10T06:41:49.1508572Z Build Date: 2026-10-02T22:28:27Z
Maestro on Android emulator (native-debug)	Set up job	2026-10-10T06:41:49.1508988Z Worker ID: {8950dab6-ea93-4042-8de2-c314cd9d97ab}
Maestro on Android emulator (native-debug)	Set up job	2026-10-10T06:41:49.1509414Z Region: centralus
Maestro on Android emulator (native-debug)	Set up job	2026-10-10T06:41:49.1509739Z Cloud: Azure
Maestro on Android emulator (native-debug)	Set up job	2026-10-10T06:41:49.1510105Z ##[endgroup]
Maestro on Android emulator (native-debug)	Set up job	2026-10-10T06:41:49.1510927Z ##[group]Operating System
Maestro on Android emulator (native-debug)	Set up job	2026-10-10T06:41:49.1511273Z Ubuntu
Maestro on Android emulator (native-debug)	Set up job	2026-10-10T06:41:49.1511631Z 24.04.5
Maestro on Android emulator (native-debug)	Set up job	2026-10-10T06:41:49.1511937Z LTS
Maestro on Android emulator (native-debug)	Set up job	2026-10-10T06:41:49.1512267Z ##[endgroup]
Maestro on Android emulator (native-debug)	Set up job	2026-10-10T06:41:49.1512603Z ##[group]Runner Image
Maestro on Android emulator (native-debug)	Set up job	2026-10-10T06:41:49.1512985Z Image: ubuntu-24.04
Maestro on Android emulator (native-debug)	Set up job	2026-10-10T06:41:49.1513877Z Version: 20261004.327.1
Maestro on Android emulator (native-debug)	Set up job	2026-10-10T06:41:49.1514509Z Included Software: https://github.com/actions/runner-images/blob/ubuntu24/20261004.327/images/ubuntu/Ubuntu2404-Readme.md
Maestro on Android emulator (native-debug)	Set up job	2026-10-10T06:41:49.1515561Z Image Release: https://github.com/actions/runner-images/releases/tag/ubuntu24%2F20261004.327
Maestro on Android emulator (native-debug)	Set up job	2026-10-10T06:41:49.1516091Z ##[endgroup]
Maestro on Android emulator (native-debug)	Set up job	2026-10-10T06:41:49.1516761Z ##[group]GITHUB_TOKEN Permissions
Maestro on Android emulator (native-debug)	Set up job	2026-10-10T06:41:49.1517944Z Contents: read
Maestro on Android emulator (native-debug)	Set up job	2026-10-10T06:41:49.1518379Z Metadata: read
Maestro on Android emulator (native-debug)	Set up job	2026-10-10T06:41:49.1518706Z ##[endgroup]
Maestro on Android emulator (native-debug)	Set up job	2026-10-10T06:41:49.1520000Z Secret source: Actions
Maestro on Android emulator (native-debug)	Set up job	2026-10-10T06:41:49.1520555Z Cache mode: write
Maestro on Android emulator (native-debug)	Set up job	2026-10-10T06:41:49.1520983Z Prepare workflow directory
Maestro on Android emulator (native-debug)	Set up job	2026-10-10T06:41:49.1785226Z Prepare all required actions
Maestro on Android emulator (native-debug)	Set up job	2026-10-10T06:41:49.1815180Z Getting action download info
Maestro on Android emulator (native-debug)	Set up job	2026-10-10T06:41:49.4106216Z Download action repository 'actions/checkout@v4' (SHA:11d5960a326750d5838078e36cf38b85af677262)
Maestro on Android emulator (native-debug)	Set up job	2026-10-10T06:41:49.4871587Z Download action repository 'actions/setup-node@v4' (SHA:49933ea5288caeca8642d1e84afbd3f7d6820020)
Maestro on Android emulator (native-debug)	Set up job	2026-10-10T06:41:49.5960890Z Download action repository 'actions/setup-java@v4' (SHA:cf277c60eb25467037889841efdb72551f06f6c3)
Maestro on Android emulator (native-debug)	Set up job	2026-10-10T06:41:50.1927943Z Download action repository 'reactivecircus/android-emulator-runner@v2' (SHA:a421e43855164a8197daf9d8d40fe71c6996bb0d)
Maestro on Android emulator (native-debug)	Set up job	2026-10-10T06:41:50.5403631Z Download action repository 'actions/upload-artifact@v4' (SHA:ea165f8d65b6e75b540449e92b4886f43607fa02)
Maestro on Android emulator (native-debug)	Set up job	2026-10-10T06:41:50.7700006Z Complete job name: Maestro on Android emulator (native-debug)
Maestro on Android emulator (native-debug)	Check out repository	﻿2026-10-10T06:41:50.8189434Z ##[group]Run actions/checkout@v4
Maestro on Android emulator (native-debug)	Check out repository	2026-10-10T06:41:50.8190126Z with:
Maestro on Android emulator (native-debug)	Check out repository	2026-10-10T06:41:50.8190616Z   repository: koniz-dev/react-native-starter
Maestro on Android emulator (native-debug)	Check out repository	2026-10-10T06:41:50.8192689Z   token: ***
Maestro on Android emulator (native-debug)	Check out repository	2026-10-10T06:41:50.8193410Z   ssh-strict: true
Maestro on Android emulator (native-debug)	Check out repository	2026-10-10T06:41:50.8193872Z   ssh-user: git
Maestro on Android emulator (native-debug)	Check out repository	2026-10-10T06:41:50.8194399Z   persist-credentials: true
Maestro on Android emulator (native-debug)	Check out repository	2026-10-10T06:41:50.8194869Z   clean: true
Maestro on Android emulator (native-debug)	Check out repository	2026-10-10T06:41:50.8195328Z   sparse-checkout-cone-mode: true
Maestro on Android emulator (native-debug)	Check out repository	2026-10-10T06:41:50.8195888Z   fetch-depth: 1
Maestro on Android emulator (native-debug)	Check out repository	2026-10-10T06:41:50.8196339Z   fetch-tags: false
Maestro on Android emulator (native-debug)	Check out repository	2026-10-10T06:41:50.8196824Z   show-progress: true
Maestro on Android emulator (native-debug)	Check out repository	2026-10-10T06:41:50.8197319Z   lfs: false
Maestro on Android emulator (native-debug)	Check out repository	2026-10-10T06:41:50.8197761Z   submodules: false
Maestro on Android emulator (native-debug)	Check out repository	2026-10-10T06:41:50.8198282Z   set-safe-directory: true
Maestro on Android emulator (native-debug)	Check out repository	2026-10-10T06:41:50.8198774Z   allow-unsafe-pr-checkout: false
Maestro on Android emulator (native-debug)	Check out repository	2026-10-10T06:41:50.8199402Z env:
Maestro on Android emulator (native-debug)	Check out repository	2026-10-10T06:41:50.8199849Z   MAESTRO_VERSION: 2.11.0
Maestro on Android emulator (native-debug)	Check out repository	2026-10-10T06:41:50.8200457Z   MAESTRO_SHA256: 5384593cb4e7a106489e75a821d157dd43f4e438df6bc308b72e82c685e1283a
Maestro on Android emulator (native-debug)	Check out repository	2026-10-10T06:41:50.8201143Z ##[endgroup]
Maestro on Android emulator (native-debug)	Check out repository	2026-10-10T06:41:50.8863668Z Syncing repository: koniz-dev/react-native-starter
Maestro on Android emulator (native-debug)	Check out repository	2026-10-10T06:41:50.8865068Z ##[group]Getting Git version info
Maestro on Android emulator (native-debug)	Check out repository	2026-10-10T06:41:50.8865633Z Working directory is '/home/runner/work/react-native-starter/react-native-starter'
Maestro on Android emulator (native-debug)	Check out repository	2026-10-10T06:41:50.8866471Z [command]/usr/bin/git version
Maestro on Android emulator (native-debug)	Check out repository	2026-10-10T06:41:50.8921907Z git version 2.55.0
Maestro on Android emulator (native-debug)	Check out repository	2026-10-10T06:41:50.8934499Z ##[endgroup]
Maestro on Android emulator (native-debug)	Check out repository	2026-10-10T06:41:50.8947422Z Temporarily overriding HOME='/home/runner/work/_temp/d1d2bb52-c693-4a60-9a83-89213b595360' before making global git config changes
Maestro on Android emulator (native-debug)	Check out repository	2026-10-10T06:41:50.8951348Z Adding repository directory to the temporary git global config as a safe directory
Maestro on Android emulator (native-debug)	Check out repository	2026-10-10T06:41:50.8952974Z [command]/usr/bin/git config --global --add safe.directory /home/runner/work/react-native-starter/react-native-starter
Maestro on Android emulator (native-debug)	Check out repository	2026-10-10T06:41:50.8994032Z Deleting the contents of '/home/runner/work/react-native-starter/react-native-starter'
Maestro on Android emulator (native-debug)	Check out repository	2026-10-10T06:41:50.8997462Z ##[group]Initializing the repository
Maestro on Android emulator (native-debug)	Check out repository	2026-10-10T06:41:50.9000217Z [command]/usr/bin/git init /home/runner/work/react-native-starter/react-native-starter
Maestro on Android emulator (native-debug)	Check out repository	2026-10-10T06:41:50.9085918Z hint: Using 'master' as the name for the initial branch. This default branch name
Maestro on Android emulator (native-debug)	Check out repository	2026-10-10T06:41:50.9088807Z hint: will change to "main" in Git 3.0. To configure the initial branch name
Maestro on Android emulator (native-debug)	Check out repository	2026-10-10T06:41:50.9089694Z hint: to use in all of your new repositories, which will suppress this warning,
Maestro on Android emulator (native-debug)	Check out repository	2026-10-10T06:41:50.9090325Z hint: call:
Maestro on Android emulator (native-debug)	Check out repository	2026-10-10T06:41:50.9090810Z hint:
Maestro on Android emulator (native-debug)	Check out repository	2026-10-10T06:41:50.9091330Z hint: 	git config --global init.defaultBranch <name>
Maestro on Android emulator (native-debug)	Check out repository	2026-10-10T06:41:50.9091815Z hint:
Maestro on Android emulator (native-debug)	Check out repository	2026-10-10T06:41:50.9092361Z hint: Names commonly chosen instead of 'master' are 'main', 'trunk' and
Maestro on Android emulator (native-debug)	Check out repository	2026-10-10T06:41:50.9092949Z hint: 'development'. The just-created branch can be renamed via this command:
Maestro on Android emulator (native-debug)	Check out repository	2026-10-10T06:41:50.9093729Z hint:
Maestro on Android emulator (native-debug)	Check out repository	2026-10-10T06:41:50.9094220Z hint: 	git branch -m <name>
Maestro on Android emulator (native-debug)	Check out repository	2026-10-10T06:41:50.9094617Z hint:
Maestro on Android emulator (native-debug)	Check out repository	2026-10-10T06:41:50.9095096Z hint: Disable this message with "git config set advice.defaultBranchName false"
Maestro on Android emulator (native-debug)	Check out repository	2026-10-10T06:41:50.9095832Z Initialized empty Git repository in /home/runner/work/react-native-starter/react-native-starter/.git/
Maestro on Android emulator (native-debug)	Check out repository	2026-10-10T06:41:50.9097555Z [command]/usr/bin/git remote add origin https://github.com/koniz-dev/react-native-starter
Maestro on Android emulator (native-debug)	Check out repository	2026-10-10T06:41:50.9142498Z ##[endgroup]
Maestro on Android emulator (native-debug)	Check out repository	2026-10-10T06:41:50.9143319Z ##[group]Disabling automatic garbage collection
Maestro on Android emulator (native-debug)	Check out repository	2026-10-10T06:41:50.9145968Z [command]/usr/bin/git config --local gc.auto 0
Maestro on Android emulator (native-debug)	Check out repository	2026-10-10T06:41:50.9171944Z ##[endgroup]
Maestro on Android emulator (native-debug)	Check out repository	2026-10-10T06:41:50.9172608Z ##[group]Setting up auth
Maestro on Android emulator (native-debug)	Check out repository	2026-10-10T06:41:50.9177077Z [command]/usr/bin/git config --local --name-only --get-regexp core\.sshCommand
Maestro on Android emulator (native-debug)	Check out repository	2026-10-10T06:41:50.9214668Z [command]/usr/bin/git submodule foreach --recursive sh -c "git config --local --name-only --get-regexp 'core\.sshCommand' && git config --local --unset-all 'core.sshCommand' || :"
Maestro on Android emulator (native-debug)	Check out repository	2026-10-10T06:41:50.9500501Z [command]/usr/bin/git config --local --name-only --get-regexp http\.https\:\/\/github\.com\/\.extraheader
Maestro on Android emulator (native-debug)	Check out repository	2026-10-10T06:41:50.9528476Z [command]/usr/bin/git submodule foreach --recursive sh -c "git config --local --name-only --get-regexp 'http\.https\:\/\/github\.com\/\.extraheader' && git config --local --unset-all 'http.https://github.com/.extraheader' || :"
Maestro on Android emulator (native-debug)	Check out repository	2026-10-10T06:41:50.9693896Z [command]/usr/bin/git config --local --name-only --get-regexp ^includeIf\.gitdir:
Maestro on Android emulator (native-debug)	Check out repository	2026-10-10T06:41:50.9720779Z [command]/usr/bin/git submodule foreach --recursive git config --local --show-origin --name-only --get-regexp remote.origin.url
Maestro on Android emulator (native-debug)	Check out repository	2026-10-10T06:41:50.9886738Z [command]/usr/bin/git config --local http.https://github.com/.extraheader AUTHORIZATION: basic ***
Maestro on Android emulator (native-debug)	Check out repository	2026-10-10T06:41:50.9919159Z ##[endgroup]
Maestro on Android emulator (native-debug)	Check out repository	2026-10-10T06:41:50.9919962Z ##[group]Fetching the repository
Maestro on Android emulator (native-debug)	Check out repository	2026-10-10T06:41:50.9924835Z [command]/usr/bin/git -c protocol.version=2 fetch --no-tags --prune --no-recurse-submodules --depth=1 origin +f3f4bd7bb2e8080c3c2b8fad0eef3cc8c9c8ac69:refs/remotes/origin/main
Maestro on Android emulator (native-debug)	Check out repository	2026-10-10T06:41:52.0956488Z From https://github.com/koniz-dev/react-native-starter
Maestro on Android emulator (native-debug)	Check out repository	2026-10-10T06:41:52.0956979Z  * [new ref]         f3f4bd7bb2e8080c3c2b8fad0eef3cc8c9c8ac69 -> origin/main
Maestro on Android emulator (native-debug)	Check out repository	2026-10-10T06:41:52.0959245Z ##[endgroup]
Maestro on Android emulator (native-debug)	Check out repository	2026-10-10T06:41:52.0959660Z ##[group]Determining the checkout info
Maestro on Android emulator (native-debug)	Check out repository	2026-10-10T06:41:52.0961138Z ##[endgroup]
Maestro on Android emulator (native-debug)	Check out repository	2026-10-10T06:41:52.0965702Z [command]/usr/bin/git sparse-checkout disable
Maestro on Android emulator (native-debug)	Check out repository	2026-10-10T06:41:52.1013410Z [command]/usr/bin/git config --local --unset-all extensions.worktreeConfig
Maestro on Android emulator (native-debug)	Check out repository	2026-10-10T06:41:52.1041142Z ##[group]Checking out the ref
Maestro on Android emulator (native-debug)	Check out repository	2026-10-10T06:41:52.1045261Z [command]/usr/bin/git checkout --progress --force -B main refs/remotes/origin/main
Maestro on Android emulator (native-debug)	Check out repository	2026-10-10T06:41:52.1737853Z Switched to a new branch 'main'
Maestro on Android emulator (native-debug)	Check out repository	2026-10-10T06:41:52.1741463Z branch 'main' set up to track 'origin/main'.
Maestro on Android emulator (native-debug)	Check out repository	2026-10-10T06:41:52.1749163Z ##[endgroup]
Maestro on Android emulator (native-debug)	Check out repository	2026-10-10T06:41:52.1786202Z [command]/usr/bin/git log -1 --format=%H
Maestro on Android emulator (native-debug)	Check out repository	2026-10-10T06:41:52.1806654Z f3f4bd7bb2e8080c3c2b8fad0eef3cc8c9c8ac69
Maestro on Android emulator (native-debug)	Set up Node.js	﻿2026-10-10T06:41:52.1993614Z ##[group]Run actions/setup-node@v4
Maestro on Android emulator (native-debug)	Set up Node.js	2026-10-10T06:41:52.1993830Z with:
Maestro on Android emulator (native-debug)	Set up Node.js	2026-10-10T06:41:52.1993947Z   node-version-file: .nvmrc
Maestro on Android emulator (native-debug)	Set up Node.js	2026-10-10T06:41:52.1994082Z   cache: npm
Maestro on Android emulator (native-debug)	Set up Node.js	2026-10-10T06:41:52.1994192Z   always-auth: false
Maestro on Android emulator (native-debug)	Set up Node.js	2026-10-10T06:41:52.1994325Z   check-latest: false
Maestro on Android emulator (native-debug)	Set up Node.js	2026-10-10T06:41:52.1995817Z   token: ***
Maestro on Android emulator (native-debug)	Set up Node.js	2026-10-10T06:41:52.1995927Z env:
Maestro on Android emulator (native-debug)	Set up Node.js	2026-10-10T06:41:52.1996038Z   MAESTRO_VERSION: 2.11.0
Maestro on Android emulator (native-debug)	Set up Node.js	2026-10-10T06:41:52.1996253Z   MAESTRO_SHA256: 5384593cb4e7a106489e75a821d157dd43f4e438df6bc308b72e82c685e1283a
Maestro on Android emulator (native-debug)	Set up Node.js	2026-10-10T06:41:52.1996472Z ##[endgroup]
Maestro on Android emulator (native-debug)	Set up Node.js	2026-10-10T06:41:52.2823143Z Resolved .nvmrc as 24
Maestro on Android emulator (native-debug)	Set up Node.js	2026-10-10T06:41:52.2861424Z Found in cache @ /opt/hostedtoolcache/node/24.21.0/x64
Maestro on Android emulator (native-debug)	Set up Node.js	2026-10-10T06:41:52.2864466Z (node:2090) [DEP0040] DeprecationWarning: The `punycode` module is deprecated. Please use a userland alternative instead.
Maestro on Android emulator (native-debug)	Set up Node.js	2026-10-10T06:41:52.2865082Z (Use `node --trace-deprecation ...` to show where the warning was created)
Maestro on Android emulator (native-debug)	Set up Node.js	2026-10-10T06:41:52.2866546Z ##[group]Environment details
Maestro on Android emulator (native-debug)	Set up Node.js	2026-10-10T06:41:52.5587038Z node: v24.21.0
Maestro on Android emulator (native-debug)	Set up Node.js	2026-10-10T06:41:52.5587256Z npm: 11.19.0
Maestro on Android emulator (native-debug)	Set up Node.js	2026-10-10T06:41:52.5587375Z yarn: 1.22.22
Maestro on Android emulator (native-debug)	Set up Node.js	2026-10-10T06:41:52.5587768Z ##[endgroup]
Maestro on Android emulator (native-debug)	Set up Node.js	2026-10-10T06:41:52.5615472Z [command]/opt/hostedtoolcache/node/24.21.0/x64/bin/npm config get cache
Maestro on Android emulator (native-debug)	Set up Node.js	2026-10-10T06:41:52.6337945Z /home/runner/.npm
Maestro on Android emulator (native-debug)	Set up Node.js	2026-10-10T06:41:52.7661949Z Cache hit for: node-cache-Linux-x64-npm-10f9dc59c99c82563481e37a50745bae137261a45ffc8c4ba105eb544b91396b
Maestro on Android emulator (native-debug)	Set up Node.js	2026-10-10T06:41:52.7709159Z (node:2090) [DEP0169] DeprecationWarning: `url.parse()` behavior is not standardized and prone to errors that have security implications. Use the WHATWG URL API instead. CVEs are not issued for `url.parse()` vulnerabilities.
Maestro on Android emulator (native-debug)	Set up Node.js	2026-10-10T06:41:53.9255895Z Received 134217728 of 156509062 (85.8%), 127.9 MBs/sec
Maestro on Android emulator (native-debug)	Set up Node.js	2026-10-10T06:41:54.0308209Z Received 156509062 of 156509062 (100.0%), 135.0 MBs/sec
Maestro on Android emulator (native-debug)	Set up Node.js	2026-10-10T06:41:54.0308792Z Cache Size: ~149 MB (156509062 B)
Maestro on Android emulator (native-debug)	Set up Node.js	2026-10-10T06:41:54.0393825Z [command]/usr/bin/tar -xf /home/runner/work/_temp/57d9c77a-28b2-4670-8cf2-0cce4e8dfb5b/cache.tzst -P -C /home/runner/work/react-native-starter/react-native-starter --use-compress-program unzstd
Maestro on Android emulator (native-debug)	Set up Node.js	2026-10-10T06:41:54.3487398Z Cache restored successfully
Maestro on Android emulator (native-debug)	Set up Node.js	2026-10-10T06:41:54.3549914Z Cache restored from key: node-cache-Linux-x64-npm-10f9dc59c99c82563481e37a50745bae137261a45ffc8c4ba105eb544b91396b
Maestro on Android emulator (native-debug)	Set up Java 17 (Maestro)	﻿2026-10-10T06:41:54.3702423Z ##[group]Run actions/setup-java@v4
Maestro on Android emulator (native-debug)	Set up Java 17 (Maestro)	2026-10-10T06:41:54.3702581Z with:
Maestro on Android emulator (native-debug)	Set up Java 17 (Maestro)	2026-10-10T06:41:54.3702695Z   distribution: temurin
Maestro on Android emulator (native-debug)	Set up Java 17 (Maestro)	2026-10-10T06:41:54.3702816Z   java-version: 17
Maestro on Android emulator (native-debug)	Set up Java 17 (Maestro)	2026-10-10T06:41:54.3702933Z   java-package: jdk
Maestro on Android emulator (native-debug)	Set up Java 17 (Maestro)	2026-10-10T06:41:54.3703048Z   check-latest: false
Maestro on Android emulator (native-debug)	Set up Java 17 (Maestro)	2026-10-10T06:41:54.3703349Z   server-id: github
Maestro on Android emulator (native-debug)	Set up Java 17 (Maestro)	2026-10-10T06:41:54.3703487Z   server-username: GITHUB_ACTOR
Maestro on Android emulator (native-debug)	Set up Java 17 (Maestro)	2026-10-10T06:41:54.3703632Z   server-password: GITHUB_TOKEN
Maestro on Android emulator (native-debug)	Set up Java 17 (Maestro)	2026-10-10T06:41:54.3703772Z   overwrite-settings: true
Maestro on Android emulator (native-debug)	Set up Java 17 (Maestro)	2026-10-10T06:41:54.3703902Z   job-status: success
Maestro on Android emulator (native-debug)	Set up Java 17 (Maestro)	2026-10-10T06:41:54.3705396Z   token: ***
Maestro on Android emulator (native-debug)	Set up Java 17 (Maestro)	2026-10-10T06:41:54.3705505Z env:
Maestro on Android emulator (native-debug)	Set up Java 17 (Maestro)	2026-10-10T06:41:54.3705611Z   MAESTRO_VERSION: 2.11.0
Maestro on Android emulator (native-debug)	Set up Java 17 (Maestro)	2026-10-10T06:41:54.3705809Z   MAESTRO_SHA256: 5384593cb4e7a106489e75a821d157dd43f4e438df6bc308b72e82c685e1283a
Maestro on Android emulator (native-debug)	Set up Java 17 (Maestro)	2026-10-10T06:41:54.3706027Z ##[endgroup]
Maestro on Android emulator (native-debug)	Set up Java 17 (Maestro)	2026-10-10T06:41:54.4723861Z ##[warning]setup-java v4 is deprecated and will no longer receive updates. Please migrate to actions/setup-java@v5.
Maestro on Android emulator (native-debug)	Set up Java 17 (Maestro)	2026-10-10T06:41:54.4730462Z ##[group]Installed distributions
Maestro on Android emulator (native-debug)	Set up Java 17 (Maestro)	2026-10-10T06:41:54.4755955Z Resolved Java 17.0.20+1 from tool-cache
Maestro on Android emulator (native-debug)	Set up Java 17 (Maestro)	2026-10-10T06:41:54.4756349Z Setting Java 17.0.20+1 as the default
Maestro on Android emulator (native-debug)	Set up Java 17 (Maestro)	2026-10-10T06:41:54.4759601Z (node:2139) [DEP0040] DeprecationWarning: The `punycode` module is deprecated. Please use a userland alternative instead.
Maestro on Android emulator (native-debug)	Set up Java 17 (Maestro)	2026-10-10T06:41:54.4760285Z (Use `node --trace-deprecation ...` to show where the warning was created)
Maestro on Android emulator (native-debug)	Set up Java 17 (Maestro)	2026-10-10T06:41:54.4761285Z Creating toolchains.xml for JDK version 17 from temurin
Maestro on Android emulator (native-debug)	Set up Java 17 (Maestro)	2026-10-10T06:41:54.4802200Z Writing to /home/runner/.m2/toolchains.xml
Maestro on Android emulator (native-debug)	Set up Java 17 (Maestro)	2026-10-10T06:41:54.4802623Z 
Maestro on Android emulator (native-debug)	Set up Java 17 (Maestro)	2026-10-10T06:41:54.4802927Z Java configuration:
Maestro on Android emulator (native-debug)	Set up Java 17 (Maestro)	2026-10-10T06:41:54.4803331Z   Distribution: temurin
Maestro on Android emulator (native-debug)	Set up Java 17 (Maestro)	2026-10-10T06:41:54.4803551Z   Version: 17.0.20+1
Maestro on Android emulator (native-debug)	Set up Java 17 (Maestro)	2026-10-10T06:41:54.4803893Z   Path: /opt/hostedtoolcache/Java_Temurin-Hotspot_jdk/17.0.20-1/x64
Maestro on Android emulator (native-debug)	Set up Java 17 (Maestro)	2026-10-10T06:41:54.4804149Z 
Maestro on Android emulator (native-debug)	Set up Java 17 (Maestro)	2026-10-10T06:41:54.4804398Z ##[endgroup]
Maestro on Android emulator (native-debug)	Set up Java 17 (Maestro)	2026-10-10T06:41:54.4807940Z Creating settings.xml with server-id: github
Maestro on Android emulator (native-debug)	Set up Java 17 (Maestro)	2026-10-10T06:41:54.4837982Z Writing to /home/runner/.m2/settings.xml
Maestro on Android emulator (native-debug)	Install dependencies	﻿2026-10-10T06:41:54.4965732Z ##[group]Run npm ci
Maestro on Android emulator (native-debug)	Install dependencies	2026-10-10T06:41:54.4966061Z ^[[36;1mnpm ci^[[0m
Maestro on Android emulator (native-debug)	Install dependencies	2026-10-10T06:41:54.5199897Z shell: /usr/bin/bash -e {0}
Maestro on Android emulator (native-debug)	Install dependencies	2026-10-10T06:41:54.5200126Z env:
Maestro on Android emulator (native-debug)	Install dependencies	2026-10-10T06:41:54.5200258Z   MAESTRO_VERSION: 2.11.0
Maestro on Android emulator (native-debug)	Install dependencies	2026-10-10T06:41:54.5200500Z   MAESTRO_SHA256: 5384593cb4e7a106489e75a821d157dd43f4e438df6bc308b72e82c685e1283a
Maestro on Android emulator (native-debug)	Install dependencies	2026-10-10T06:41:54.5200792Z   JAVA_HOME: /opt/hostedtoolcache/Java_Temurin-Hotspot_jdk/17.0.20-1/x64
Maestro on Android emulator (native-debug)	Install dependencies	2026-10-10T06:41:54.5201062Z   JAVA_HOME_17_X64: /opt/hostedtoolcache/Java_Temurin-Hotspot_jdk/17.0.20-1/x64
Maestro on Android emulator (native-debug)	Install dependencies	2026-10-10T06:41:54.5201272Z ##[endgroup]
Maestro on Android emulator (native-debug)	Install dependencies	2026-10-10T06:41:57.1819654Z npm warn deprecated inflight@1.0.6: This module is not supported, and leaks memory. Do not use it. Check out lru-cache if you want a good and tested way to coalesce async requests by a key value, which is much more comprehensive and powerful.
Maestro on Android emulator (native-debug)	Install dependencies	2026-10-10T06:41:57.3010096Z npm warn deprecated abab@2.0.6: Use your platform's native atob() and btoa() methods instead
Maestro on Android emulator (native-debug)	Install dependencies	2026-10-10T06:41:57.3165984Z npm warn deprecated glob@7.2.3: Glob versions prior to v9 are no longer supported
Maestro on Android emulator (native-debug)	Install dependencies	2026-10-10T06:41:57.3171293Z npm warn deprecated glob@7.2.3: Glob versions prior to v9 are no longer supported
Maestro on Android emulator (native-debug)	Install dependencies	2026-10-10T06:41:57.3173016Z npm warn deprecated glob@7.2.3: Glob versions prior to v9 are no longer supported
Maestro on Android emulator (native-debug)	Install dependencies	2026-10-10T06:41:57.3182975Z npm warn deprecated glob@7.2.3: Glob versions prior to v9 are no longer supported
Maestro on Android emulator (native-debug)	Install dependencies	2026-10-10T06:41:57.4658464Z npm warn deprecated domexception@4.0.0: Use your platform's native DOMException instead
Maestro on Android emulator (native-debug)	Install dependencies	2026-10-10T06:41:57.9010006Z npm warn deprecated uuid@7.0.3: uuid@10 and below is no longer supported.  For ESM codebases, update to uuid@latest.  For CommonJS codebases, use uuid@11 (but be aware this version will likely be deprecated in 2028).
Maestro on Android emulator (native-debug)	Install dependencies	2026-10-10T06:42:04.9760090Z 
Maestro on Android emulator (native-debug)	Install dependencies	2026-10-10T06:42:04.9761004Z added 1067 packages, and audited 1068 packages in 10s
Maestro on Android emulator (native-debug)	Install dependencies	2026-10-10T06:42:04.9761279Z 
Maestro on Android emulator (native-debug)	Install dependencies	2026-10-10T06:42:04.9761434Z 180 packages are looking for funding
Maestro on Android emulator (native-debug)	Install dependencies	2026-10-10T06:42:04.9783942Z   run `npm fund` for details
Maestro on Android emulator (native-debug)	Install dependencies	2026-10-10T06:42:05.0765639Z 
Maestro on Android emulator (native-debug)	Install dependencies	2026-10-10T06:42:05.0766355Z 65 vulnerabilities (16 moderate, 49 high)
Maestro on Android emulator (native-debug)	Install dependencies	2026-10-10T06:42:05.0766586Z 
Maestro on Android emulator (native-debug)	Install dependencies	2026-10-10T06:42:05.0766718Z To address all issues (including breaking changes), run:
Maestro on Android emulator (native-debug)	Install dependencies	2026-10-10T06:42:05.0766964Z   npm audit fix --force
Maestro on Android emulator (native-debug)	Install dependencies	2026-10-10T06:42:05.0767055Z 
Maestro on Android emulator (native-debug)	Install dependencies	2026-10-10T06:42:05.0767126Z Run `npm audit` for details.
Maestro on Android emulator (native-debug)	Configure the app (demo backends)	﻿2026-10-10T06:42:05.1829637Z ##[group]Run cp .env.example .env
Maestro on Android emulator (native-debug)	Configure the app (demo backends)	2026-10-10T06:42:05.1829922Z ^[[36;1mcp .env.example .env^[[0m
Maestro on Android emulator (native-debug)	Configure the app (demo backends)	2026-10-10T06:42:05.1880891Z shell: /usr/bin/bash -e {0}
Maestro on Android emulator (native-debug)	Configure the app (demo backends)	2026-10-10T06:42:05.1881041Z env:
Maestro on Android emulator (native-debug)	Configure the app (demo backends)	2026-10-10T06:42:05.1881150Z   MAESTRO_VERSION: 2.11.0
Maestro on Android emulator (native-debug)	Configure the app (demo backends)	2026-10-10T06:42:05.1881359Z   MAESTRO_SHA256: 5384593cb4e7a106489e75a821d157dd43f4e438df6bc308b72e82c685e1283a
Maestro on Android emulator (native-debug)	Configure the app (demo backends)	2026-10-10T06:42:05.1881638Z   JAVA_HOME: /opt/hostedtoolcache/Java_Temurin-Hotspot_jdk/17.0.20-1/x64
Maestro on Android emulator (native-debug)	Configure the app (demo backends)	2026-10-10T06:42:05.1881895Z   JAVA_HOME_17_X64: /opt/hostedtoolcache/Java_Temurin-Hotspot_jdk/17.0.20-1/x64
Maestro on Android emulator (native-debug)	Configure the app (demo backends)	2026-10-10T06:42:05.1882095Z ##[endgroup]
Maestro on Android emulator (native-debug)	Install the Maestro CLI (release zip, checksum verified)	﻿2026-10-10T06:42:05.2239006Z ##[group]Run curl -fsSL -o maestro.zip "https://github.com/mobile-dev-inc/maestro/releases/download/cli-${MAESTRO_VERSION}/maestro.zip"
Maestro on Android emulator (native-debug)	Install the Maestro CLI (release zip, checksum verified)	2026-10-10T06:42:05.2239524Z ^[[36;1mcurl -fsSL -o maestro.zip "https://github.com/mobile-dev-inc/maestro/releases/download/cli-${MAESTRO_VERSION}/maestro.zip"^[[0m
Maestro on Android emulator (native-debug)	Install the Maestro CLI (release zip, checksum verified)	2026-10-10T06:42:05.2240006Z ^[[36;1mecho "${MAESTRO_SHA256}  maestro.zip" | sha256sum -c -^[[0m
Maestro on Android emulator (native-debug)	Install the Maestro CLI (release zip, checksum verified)	2026-10-10T06:42:05.2240199Z ^[[36;1munzip -q maestro.zip -d "$HOME"^[[0m
Maestro on Android emulator (native-debug)	Install the Maestro CLI (release zip, checksum verified)	2026-10-10T06:42:05.2240368Z ^[[36;1mecho "$HOME/maestro/bin" >> "$GITHUB_PATH"^[[0m
Maestro on Android emulator (native-debug)	Install the Maestro CLI (release zip, checksum verified)	2026-10-10T06:42:05.2285331Z shell: /usr/bin/bash -e {0}
Maestro on Android emulator (native-debug)	Install the Maestro CLI (release zip, checksum verified)	2026-10-10T06:42:05.2285471Z env:
Maestro on Android emulator (native-debug)	Install the Maestro CLI (release zip, checksum verified)	2026-10-10T06:42:05.2285582Z   MAESTRO_VERSION: 2.11.0
Maestro on Android emulator (native-debug)	Install the Maestro CLI (release zip, checksum verified)	2026-10-10T06:42:05.2285782Z   MAESTRO_SHA256: 5384593cb4e7a106489e75a821d157dd43f4e438df6bc308b72e82c685e1283a
Maestro on Android emulator (native-debug)	Install the Maestro CLI (release zip, checksum verified)	2026-10-10T06:42:05.2286057Z   JAVA_HOME: /opt/hostedtoolcache/Java_Temurin-Hotspot_jdk/17.0.20-1/x64
Maestro on Android emulator (native-debug)	Install the Maestro CLI (release zip, checksum verified)	2026-10-10T06:42:05.2286312Z   JAVA_HOME_17_X64: /opt/hostedtoolcache/Java_Temurin-Hotspot_jdk/17.0.20-1/x64
Maestro on Android emulator (native-debug)	Install the Maestro CLI (release zip, checksum verified)	2026-10-10T06:42:05.2286536Z ##[endgroup]
Maestro on Android emulator (native-debug)	Install the Maestro CLI (release zip, checksum verified)	2026-10-10T06:42:06.4317789Z maestro.zip: OK
Maestro on Android emulator (native-debug)	Build the native debug app (development variant)	﻿2026-10-10T06:42:07.8095429Z ##[group]Run npm run prebuild:development -- --platform android
Maestro on Android emulator (native-debug)	Build the native debug app (development variant)	2026-10-10T06:42:07.8095716Z ^[[36;1mnpm run prebuild:development -- --platform android^[[0m
Maestro on Android emulator (native-debug)	Build the native debug app (development variant)	2026-10-10T06:42:07.8095986Z ^[[36;1m(cd android && ./gradlew assembleDebug -PreactNativeArchitectures=x86_64)^[[0m
Maestro on Android emulator (native-debug)	Build the native debug app (development variant)	2026-10-10T06:42:07.8096270Z ^[[36;1mcp android/app/build/outputs/apk/debug/app-debug.apk app.apk^[[0m
Maestro on Android emulator (native-debug)	Build the native debug app (development variant)	2026-10-10T06:42:07.8096520Z ^[[36;1mecho "E2E_APP_ID=com.example.rnstarter.dev" >> "$GITHUB_ENV"^[[0m
Maestro on Android emulator (native-debug)	Build the native debug app (development variant)	2026-10-10T06:42:07.8096755Z ^[[36;1mecho "E2E_APP_URL=rnstarter-dev://" >> "$GITHUB_ENV"^[[0m
Maestro on Android emulator (native-debug)	Build the native debug app (development variant)	2026-10-10T06:42:07.8146943Z shell: /usr/bin/bash -e {0}
Maestro on Android emulator (native-debug)	Build the native debug app (development variant)	2026-10-10T06:42:07.8147091Z env:
Maestro on Android emulator (native-debug)	Build the native debug app (development variant)	2026-10-10T06:42:07.8147207Z   MAESTRO_VERSION: 2.11.0
Maestro on Android emulator (native-debug)	Build the native debug app (development variant)	2026-10-10T06:42:07.8147414Z   MAESTRO_SHA256: 5384593cb4e7a106489e75a821d157dd43f4e438df6bc308b72e82c685e1283a
Maestro on Android emulator (native-debug)	Build the native debug app (development variant)	2026-10-10T06:42:07.8147693Z   JAVA_HOME: /opt/hostedtoolcache/Java_Temurin-Hotspot_jdk/17.0.20-1/x64
Maestro on Android emulator (native-debug)	Build the native debug app (development variant)	2026-10-10T06:42:07.8147951Z   JAVA_HOME_17_X64: /opt/hostedtoolcache/Java_Temurin-Hotspot_jdk/17.0.20-1/x64
Maestro on Android emulator (native-debug)	Build the native debug app (development variant)	2026-10-10T06:42:07.8148182Z ##[endgroup]
Maestro on Android emulator (native-debug)	Build the native debug app (development variant)	2026-10-10T06:42:07.8799658Z 
Maestro on Android emulator (native-debug)	Build the native debug app (development variant)	2026-10-10T06:42:07.8800296Z > react-native-starter@1.0.0 prebuild:development
Maestro on Android emulator (native-debug)	Build the native debug app (development variant)	2026-10-10T06:42:07.8800679Z > APP_VARIANT=development expo prebuild --clean --platform android
Maestro on Android emulator (native-debug)	Build the native debug app (development variant)	2026-10-10T06:42:07.8800837Z 
Maestro on Android emulator (native-debug)	Build the native debug app (development variant)	2026-10-10T06:42:07.9506362Z env: load .env
Maestro on Android emulator (native-debug)	Build the native debug app (development variant)	2026-10-10T06:42:07.9507604Z env: export EXPO_PUBLIC_API_TRUSTED_ORIGINS EXPO_PUBLIC_API_URL EXPO_PUBLIC_AUTH_API_URL EXPO_PUBLIC_USE_DEMO_BACKENDS
Maestro on Android emulator (native-debug)	Build the native debug app (development variant)	2026-10-10T06:42:08.1672248Z - Creating native directory (./android)
Maestro on Android emulator (native-debug)	Build the native debug app (development variant)	2026-10-10T06:42:08.3970954Z ✔ Created native directory
Maestro on Android emulator (native-debug)	Build the native debug app (development variant)	2026-10-10T06:42:08.3972832Z - Updating package.json
Maestro on Android emulator (native-debug)	Build the native debug app (development variant)	2026-10-10T06:42:08.4004473Z ✔ Updated package.json
Maestro on Android emulator (native-debug)	Build the native debug app (development variant)	2026-10-10T06:42:08.4005180Z - Running prebuild
Maestro on Android emulator (native-debug)	Build the native debug app (development variant)	2026-10-10T06:42:10.0128385Z ✔ Finished prebuild
Maestro on Android emulator (native-debug)	Build the native debug app (development variant)	2026-10-10T06:42:11.8419139Z Downloading https://services.gradle.org/distributions/gradle-9.3.1-bin.zip
Maestro on Android emulator (native-debug)	Build the native debug app (development variant)	2026-10-10T06:42:14.1978716Z .............10%.............20%.............30%.............40%.............50%.............60%.............70%.............80%.............90%.............100%
Maestro on Android emulator (native-debug)	Build the native debug app (development variant)	2026-10-10T06:42:15.3929639Z 
Maestro on Android emulator (native-debug)	Build the native debug app (development variant)	2026-10-10T06:42:15.3930404Z Welcome to Gradle 9.3.1!
Maestro on Android emulator (native-debug)	Build the native debug app (development variant)	2026-10-10T06:42:15.3930636Z 
Maestro on Android emulator (native-debug)	Build the native debug app (development variant)	2026-10-10T06:42:15.3931730Z Here are the highlights of this release:
Maestro on Android emulator (native-debug)	Build the native debug app (development variant)	2026-10-10T06:42:15.3932374Z  - Test reporting improvements
Maestro on Android emulator (native-debug)	Build the native debug app (development variant)	2026-10-10T06:42:15.3933769Z  - Error and warning improvements
Maestro on Android emulator (native-debug)	Build the native debug app (development variant)	2026-10-10T06:42:15.3934565Z  - Build authoring improvements
Maestro on Android emulator (native-debug)	Build the native debug app (development variant)	2026-10-10T06:42:15.3934841Z 
Maestro on Android emulator (native-debug)	Build the native debug app (development variant)	2026-10-10T06:42:15.3936513Z For more details see https://docs.gradle.org/9.3.1/release-notes.html
Maestro on Android emulator (native-debug)	Build the native debug app (development variant)	2026-10-10T06:42:15.3936845Z 
Maestro on Android emulator (native-debug)	Build the native debug app (development variant)	2026-10-10T06:42:15.4926779Z Starting a Gradle Daemon (subsequent builds will be faster)
Maestro on Android emulator (native-debug)	Build the native debug app (development variant)	2026-10-10T06:42:51.1937984Z > Task :expo-gradle-plugin:expo-autolinking-plugin-shared:checkKotlinGradlePluginConfigurationErrors SKIPPED
Maestro on Android emulator (native-debug)	Build the native debug app (development variant)	2026-10-10T06:42:51.1943971Z > Task :expo-gradle-plugin:expo-autolinking-settings-plugin:checkKotlinGradlePluginConfigurationErrors SKIPPED
Maestro on Android emulator (native-debug)	Build the native debug app (development variant)	2026-10-10T06:42:51.1944594Z > Task :gradle-plugin:settings-plugin:checkKotlinGradlePluginConfigurationErrors SKIPPED
Maestro on Android emulator (native-debug)	Build the native debug app (development variant)	2026-10-10T06:42:51.1945393Z > Task :gradle-plugin:shared:checkKotlinGradlePluginConfigurationErrors SKIPPED
Maestro on Android emulator (native-debug)	Build the native debug app (development variant)	2026-10-10T06:42:51.1946497Z > Task :expo-gradle-plugin:expo-autolinking-settings-plugin:pluginDescriptors
Maestro on Android emulator (native-debug)	Build the native debug app (development variant)	2026-10-10T06:42:51.1946990Z > Task :gradle-plugin:settings-plugin:pluginDescriptors
Maestro on Android emulator (native-debug)	Build the native debug app (development variant)	2026-10-10T06:42:51.1947240Z > Task :gradle-plugin:settings-plugin:processResources
Maestro on Android emulator (native-debug)	Build the native debug app (development variant)	2026-10-10T06:42:51.1947531Z > Task :expo-gradle-plugin:expo-autolinking-settings-plugin:processResources
Maestro on Android emulator (native-debug)	Build the native debug app (development variant)	2026-10-10T06:42:55.7928056Z > Task :gradle-plugin:shared:processResources NO-SOURCE
Maestro on Android emulator (native-debug)	Build the native debug app (development variant)	2026-10-10T06:42:55.7971408Z > Task :expo-gradle-plugin:expo-autolinking-plugin-shared:processResources NO-SOURCE
Maestro on Android emulator (native-debug)	Build the native debug app (development variant)	2026-10-10T06:43:00.0934669Z > Task :gradle-plugin:shared:compileKotlin
Maestro on Android emulator (native-debug)	Build the native debug app (development variant)	2026-10-10T06:43:00.0943961Z > Task :gradle-plugin:shared:compileJava NO-SOURCE
Maestro on Android emulator (native-debug)	Build the native debug app (development variant)	2026-10-10T06:43:00.0995459Z > Task :gradle-plugin:shared:classes UP-TO-DATE
Maestro on Android emulator (native-debug)	Build the native debug app (development variant)	2026-10-10T06:43:00.1926419Z > Task :gradle-plugin:shared:jar
Maestro on Android emulator (native-debug)	Build the native debug app (development variant)	2026-10-10T06:43:00.1927413Z > Task :expo-gradle-plugin:expo-autolinking-plugin-shared:compileKotlin
Maestro on Android emulator (native-debug)	Build the native debug app (development variant)	2026-10-10T06:43:00.1928021Z > Task :expo-gradle-plugin:expo-autolinking-plugin-shared:compileJava NO-SOURCE
Maestro on Android emulator (native-debug)	Build the native debug app (development variant)	2026-10-10T06:43:00.1928606Z > Task :expo-gradle-plugin:expo-autolinking-plugin-shared:classes UP-TO-DATE
Maestro on Android emulator (native-debug)	Build the native debug app (development variant)	2026-10-10T06:43:00.1929129Z > Task :expo-gradle-plugin:expo-autolinking-plugin-shared:jar
Maestro on Android emulator (native-debug)	Build the native debug app (development variant)	2026-10-10T06:43:06.5965007Z > Task :gradle-plugin:settings-plugin:compileKotlin
Maestro on Android emulator (native-debug)	Build the native debug app (development variant)	2026-10-10T06:43:06.6009211Z > Task :gradle-plugin:settings-plugin:compileJava NO-SOURCE
Maestro on Android emulator (native-debug)	Build the native debug app (development variant)	2026-10-10T06:43:06.6016411Z > Task :gradle-plugin:settings-plugin:classes
Maestro on Android emulator (native-debug)	Build the native debug app (development variant)	2026-10-10T06:43:06.6934500Z > Task :gradle-plugin:settings-plugin:jar
Maestro on Android emulator (native-debug)	Build the native debug app (development variant)	2026-10-10T06:43:07.3927017Z > Task :expo-gradle-plugin:expo-autolinking-settings-plugin:compileKotlin
Maestro on Android emulator (native-debug)	Build the native debug app (development variant)	2026-10-10T06:43:07.3927728Z > Task :expo-gradle-plugin:expo-autolinking-settings-plugin:compileJava NO-SOURCE
Maestro on Android emulator (native-debug)	Build the native debug app (development variant)	2026-10-10T06:43:07.3928274Z > Task :expo-gradle-plugin:expo-autolinking-settings-plugin:classes
Maestro on Android emulator (native-debug)	Build the native debug app (development variant)	2026-10-10T06:43:07.3928950Z > Task :expo-gradle-plugin:expo-autolinking-settings-plugin:jar
Maestro on Android emulator (native-debug)	Build the native debug app (development variant)	2026-10-10T06:43:18.3932257Z > Task :expo-gradle-plugin:expo-autolinking-plugin:checkKotlinGradlePluginConfigurationErrors SKIPPED
Maestro on Android emulator (native-debug)	Build the native debug app (development variant)	2026-10-10T06:43:18.3933843Z > Task :expo-gradle-plugin:expo-max-sdk-override-plugin:checkKotlinGradlePluginConfigurationErrors SKIPPED
Maestro on Android emulator (native-debug)	Build the native debug app (development variant)	2026-10-10T06:43:18.3995063Z > Task :gradle-plugin:react-native-gradle-plugin:checkKotlinGradlePluginConfigurationErrors SKIPPED
Maestro on Android emulator (native-debug)	Build the native debug app (development variant)	2026-10-10T06:43:18.3995879Z > Task :expo-module-gradle-plugin:checkKotlinGradlePluginConfigurationErrors SKIPPED
Maestro on Android emulator (native-debug)	Build the native debug app (development variant)	2026-10-10T06:43:18.4030743Z > Task :expo-module-gradle-plugin:pluginDescriptors
Maestro on Android emulator (native-debug)	Build the native debug app (development variant)	2026-10-10T06:43:18.4031416Z > Task :expo-module-gradle-plugin:processResources
Maestro on Android emulator (native-debug)	Build the native debug app (development variant)	2026-10-10T06:43:18.4032108Z > Task :expo-gradle-plugin:expo-max-sdk-override-plugin:pluginDescriptors
Maestro on Android emulator (native-debug)	Build the native debug app (development variant)	2026-10-10T06:43:18.4032738Z > Task :expo-gradle-plugin:expo-max-sdk-override-plugin:processResources
Maestro on Android emulator (native-debug)	Build the native debug app (development variant)	2026-10-10T06:43:19.0025388Z > Task :expo-gradle-plugin:expo-autolinking-plugin:pluginDescriptors
Maestro on Android emulator (native-debug)	Build the native debug app (development variant)	2026-10-10T06:43:19.0084368Z > Task :expo-gradle-plugin:expo-autolinking-plugin:processResources
Maestro on Android emulator (native-debug)	Build the native debug app (development variant)	2026-10-10T06:43:21.1934398Z > Task :expo-gradle-plugin:expo-max-sdk-override-plugin:compileKotlin
Maestro on Android emulator (native-debug)	Build the native debug app (development variant)	2026-10-10T06:43:21.1963946Z > Task :expo-gradle-plugin:expo-max-sdk-override-plugin:compileJava NO-SOURCE
Maestro on Android emulator (native-debug)	Build the native debug app (development variant)	2026-10-10T06:43:21.1994212Z > Task :expo-gradle-plugin:expo-max-sdk-override-plugin:classes
Maestro on Android emulator (native-debug)	Build the native debug app (development variant)	2026-10-10T06:43:21.1994766Z > Task :expo-gradle-plugin:expo-max-sdk-override-plugin:jar
Maestro on Android emulator (native-debug)	Build the native debug app (development variant)	2026-10-10T06:43:21.6931568Z > Task :expo-gradle-plugin:expo-autolinking-plugin:compileKotlin
Maestro on Android emulator (native-debug)	Build the native debug app (development variant)	2026-10-10T06:43:21.6964168Z > Task :gradle-plugin:react-native-gradle-plugin:pluginDescriptors
Maestro on Android emulator (native-debug)	Build the native debug app (development variant)	2026-10-10T06:43:21.6964907Z > Task :expo-gradle-plugin:expo-autolinking-plugin:compileJava NO-SOURCE
Maestro on Android emulator (native-debug)	Build the native debug app (development variant)	2026-10-10T06:43:21.6994038Z > Task :expo-gradle-plugin:expo-autolinking-plugin:classes
Maestro on Android emulator (native-debug)	Build the native debug app (development variant)	2026-10-10T06:43:21.7023901Z > Task :gradle-plugin:react-native-gradle-plugin:processResources
Maestro on Android emulator (native-debug)	Build the native debug app (development variant)	2026-10-10T06:43:21.7024513Z > Task :expo-gradle-plugin:expo-autolinking-plugin:jar
Maestro on Android emulator (native-debug)	Build the native debug app (development variant)	2026-10-10T06:43:24.5926492Z > Task :gradle-plugin:react-native-gradle-plugin:compileKotlin
Maestro on Android emulator (native-debug)	Build the native debug app (development variant)	2026-10-10T06:43:24.5953743Z > Task :gradle-plugin:react-native-gradle-plugin:compileJava NO-SOURCE
Maestro on Android emulator (native-debug)	Build the native debug app (development variant)	2026-10-10T06:43:24.5954220Z > Task :gradle-plugin:react-native-gradle-plugin:classes
Maestro on Android emulator (native-debug)	Build the native debug app (development variant)	2026-10-10T06:43:24.6934707Z > Task :gradle-plugin:react-native-gradle-plugin:jar
Maestro on Android emulator (native-debug)	Build the native debug app (development variant)	2026-10-10T06:43:25.5942070Z 
Maestro on Android emulator (native-debug)	Build the native debug app (development variant)	2026-10-10T06:43:25.5968006Z > Task :expo-module-gradle-plugin:compileKotlin
Maestro on Android emulator (native-debug)	Build the native debug app (development variant)	2026-10-10T06:43:25.6005064Z w: file:///home/runner/work/react-native-starter/react-native-starter/node_modules/expo-modules-core/expo-module-gradle-plugin/src/main/kotlin/expo/modules/plugin/android/AndroidLibraryExtension.kt:9:24 'var targetSdk: Int?' is deprecated. Will be removed from library DSL in v9.0. Use testOptions.targetSdk or/and lint.targetSdk instead.
Maestro on Android emulator (native-debug)	Build the native debug app (development variant)	2026-10-10T06:43:25.6014313Z 
Maestro on Android emulator (native-debug)	Build the native debug app (development variant)	2026-10-10T06:43:25.6043965Z > Task :expo-module-gradle-plugin:compileJava NO-SOURCE
Maestro on Android emulator (native-debug)	Build the native debug app (development variant)	2026-10-10T06:43:25.6073879Z > Task :expo-module-gradle-plugin:classes
Maestro on Android emulator (native-debug)	Build the native debug app (development variant)	2026-10-10T06:43:25.6936123Z > Task :expo-module-gradle-plugin:jar
Maestro on Android emulator (native-debug)	Build the native debug app (development variant)	2026-10-10T06:43:31.2926332Z 
Maestro on Android emulator (native-debug)	Build the native debug app (development variant)	2026-10-10T06:43:31.2974507Z > Configure project :
Maestro on Android emulator (native-debug)	Build the native debug app (development variant)	2026-10-10T06:43:31.3004362Z ^[[32m[ExpoRootProject]^[[0m Using the following versions:
Maestro on Android emulator (native-debug)	Build the native debug app (development variant)	2026-10-10T06:43:31.3014097Z   - buildTools:  ^[[32m36.0.0^[[0m
Maestro on Android emulator (native-debug)	Build the native debug app (development variant)	2026-10-10T06:43:31.3033898Z   - minSdk:      ^[[32m24^[[0m
Maestro on Android emulator (native-debug)	Build the native debug app (development variant)	2026-10-10T06:43:31.3057079Z   - compileSdk:  ^[[32m36^[[0m
Maestro on Android emulator (native-debug)	Build the native debug app (development variant)	2026-10-10T06:43:31.3084235Z   - targetSdk:   ^[[32m36^[[0m
Maestro on Android emulator (native-debug)	Build the native debug app (development variant)	2026-10-10T06:43:31.3104028Z   - ndk:         ^[[32m27.1.12297006^[[0m
Maestro on Android emulator (native-debug)	Build the native debug app (development variant)	2026-10-10T06:43:31.3123974Z   - kotlin:      ^[[32m2.1.20^[[0m
Maestro on Android emulator (native-debug)	Build the native debug app (development variant)	2026-10-10T06:43:31.3148440Z   - ksp:         ^[[32m2.1.20-2.0.1^[[0m
Maestro on Android emulator (native-debug)	Build the native debug app (development variant)	2026-10-10T06:43:53.3929115Z 
Maestro on Android emulator (native-debug)	Build the native debug app (development variant)	2026-10-10T06:43:53.3930098Z > Configure project :app
Maestro on Android emulator (native-debug)	Build the native debug app (development variant)	2026-10-10T06:43:53.3931004Z  ℹ️  ^[[33mApplying gradle plugin^[[0m '^[[32mexpo-max-sdk-override-plugin^[[0m'
Maestro on Android emulator (native-debug)	Build the native debug app (development variant)	2026-10-10T06:43:53.3932532Z   [expo-max-sdk-override-plugin] This plugin will find all permissions declared with `android:maxSdkVersion`. If there exists a declaration with the `android:maxSdkVersion` annotation and another one without, the plugin will remove the annotation from the final merged manifest. In order to see a log with the changes run a clean build of the app.
Maestro on Android emulator (native-debug)	Build the native debug app (development variant)	2026-10-10T06:43:53.3934518Z Checking the license for package NDK (Side by side) 27.1.12297006 in /usr/local/lib/android/sdk/licenses
Maestro on Android emulator (native-debug)	Build the native debug app (development variant)	2026-10-10T06:43:53.3935173Z License for package NDK (Side by side) 27.1.12297006 accepted.
Maestro on Android emulator (native-debug)	Build the native debug app (development variant)	2026-10-10T06:43:53.3935742Z Preparing "Install NDK (Side by side) 27.1.12297006 v.27.1.12297006".
Maestro on Android emulator (native-debug)	Build the native debug app (development variant)	2026-10-10T06:43:53.3936274Z "Install NDK (Side by side) 27.1.12297006 v.27.1.12297006" ready.
Maestro on Android emulator (native-debug)	Build the native debug app (development variant)	2026-10-10T06:43:53.3936887Z Installing NDK (Side by side) 27.1.12297006 in /usr/local/lib/android/sdk/ndk/27.1.12297006
Maestro on Android emulator (native-debug)	Build the native debug app (development variant)	2026-10-10T06:43:53.3937494Z "Install NDK (Side by side) 27.1.12297006 v.27.1.12297006" complete.
Maestro on Android emulator (native-debug)	Build the native debug app (development variant)	2026-10-10T06:43:53.3938030Z "Install NDK (Side by side) 27.1.12297006 v.27.1.12297006" finished.
Maestro on Android emulator (native-debug)	Build the native debug app (development variant)	2026-10-10T06:43:55.3940329Z 
Maestro on Android emulator (native-debug)	Build the native debug app (development variant)	2026-10-10T06:43:55.3941965Z > Configure project :expo
Maestro on Android emulator (native-debug)	Build the native debug app (development variant)	2026-10-10T06:43:55.3953722Z 
Maestro on Android emulator (native-debug)	Build the native debug app (development variant)	2026-10-10T06:43:55.3983811Z Using expo modules
Maestro on Android emulator (native-debug)	Build the native debug app (development variant)	2026-10-10T06:43:55.4003917Z   - ^[[32mexpo-log-box^[[0m (57.0.4)
Maestro on Android emulator (native-debug)	Build the native debug app (development variant)	2026-10-10T06:43:55.4004283Z   - ^[[32mexpo-constants^[[0m (57.0.21)
Maestro on Android emulator (native-debug)	Build the native debug app (development variant)	2026-10-10T06:44:01.8933749Z 
Maestro on Android emulator (native-debug)	Build the native debug app (development variant)	2026-10-10T06:44:01.8984174Z > Configure project :expo-modules-core
Maestro on Android emulator (native-debug)	Build the native debug app (development variant)	2026-10-10T06:44:01.8984715Z Linking react-native-worklets native libs into expo-modules-core build tasks
Maestro on Android emulator (native-debug)	Build the native debug app (development variant)	2026-10-10T06:44:01.8985183Z task ':react-native-worklets:mergeDebugNativeLibs'
Maestro on Android emulator (native-debug)	Build the native debug app (development variant)	2026-10-10T06:44:01.8985547Z task ':react-native-worklets:mergeReleaseNativeLibs'
Maestro on Android emulator (native-debug)	Build the native debug app (development variant)	2026-10-10T06:44:01.8985744Z 
Maestro on Android emulator (native-debug)	Build the native debug app (development variant)	2026-10-10T06:44:01.8985848Z > Configure project :expo
Maestro on Android emulator (native-debug)	Build the native debug app (development variant)	2026-10-10T06:44:01.8986362Z   - ^[[32mexpo-modules-core^[[0m (57.0.21)
Maestro on Android emulator (native-debug)	Build the native debug app (development variant)	2026-10-10T06:44:01.8986732Z   - ^[[33m[📦]^[[0m ^[[32mexpo-dom-webview^[[0m (57.0.1)
Maestro on Android emulator (native-debug)	Build the native debug app (development variant)	2026-10-10T06:44:01.8987071Z   - ^[[33m[📦]^[[0m ^[[32mexpo-ui^[[0m (57.0.22)
Maestro on Android emulator (native-debug)	Build the native debug app (development variant)	2026-10-10T06:44:01.8987287Z   - ^[[33m[📦]^[[0m ^[[32mexpo-asset^[[0m (57.0.19)
Maestro on Android emulator (native-debug)	Build the native debug app (development variant)	2026-10-10T06:44:01.8987680Z   - ^[[33m[📦]^[[0m ^[[32mexpo-file-system^[[0m (57.0.7)
Maestro on Android emulator (native-debug)	Build the native debug app (development variant)	2026-10-10T06:44:01.8988452Z   - ^[[33m[📦]^[[0m ^[[32mexpo-font^[[0m (57.0.4)
Maestro on Android emulator (native-debug)	Build the native debug app (development variant)	2026-10-10T06:44:01.8988774Z   - ^[[33m[📦]^[[0m ^[[32mexpo-keep-awake^[[0m (57.0.2)
Maestro on Android emulator (native-debug)	Build the native debug app (development variant)	2026-10-10T06:44:01.8989105Z   - ^[[33m[📦]^[[0m ^[[32mexpo-linking^[[0m (57.0.12)
Maestro on Android emulator (native-debug)	Build the native debug app (development variant)	2026-10-10T06:44:01.8989336Z   - ^[[33m[📦]^[[0m ^[[32mexpo-router^[[0m (57.0.25)
Maestro on Android emulator (native-debug)	Build the native debug app (development variant)	2026-10-10T06:44:01.8989551Z   - ^[[33m[📦]^[[0m ^[[32mexpo-secure-store^[[0m (57.0.4)
Maestro on Android emulator (native-debug)	Build the native debug app (development variant)	2026-10-10T06:44:01.8989786Z   - ^[[33m[📦]^[[0m ^[[32mexpo-splash-screen^[[0m (57.0.9)
Maestro on Android emulator (native-debug)	Build the native debug app (development variant)	2026-10-10T06:44:01.8990006Z   - ^[[33m[📦]^[[0m ^[[32mexpo-status-bar^[[0m (57.0.1)
Maestro on Android emulator (native-debug)	Build the native debug app (development variant)	2026-10-10T06:44:01.8990219Z   - ^[[33m[📦]^[[0m ^[[32mexpo-system-ui^[[0m (57.0.4)
Maestro on Android emulator (native-debug)	Build the native debug app (development variant)	2026-10-10T06:44:01.8990333Z 
Maestro on Android emulator (native-debug)	Build the native debug app (development variant)	2026-10-10T06:44:52.3926490Z 
Maestro on Android emulator (native-debug)	Build the native debug app (development variant)	2026-10-10T06:44:52.4014515Z > Task :expo-log-box:preBuild UP-TO-DATE
Maestro on Android emulator (native-debug)	Build the native debug app (development variant)	2026-10-10T06:44:52.4043878Z > Task :expo-modules-core:preBuild UP-TO-DATE
Maestro on Android emulator (native-debug)	Build the native debug app (development variant)	2026-10-10T06:44:52.4074042Z > Task :expo:generatePackagesList
Maestro on Android emulator (native-debug)	Build the native debug app (development variant)	2026-10-10T06:44:52.4115344Z > Task :expo:preBuild
Maestro on Android emulator (native-debug)	Build the native debug app (development variant)	2026-10-10T06:44:52.4926625Z > Task :app:generateAutolinkingNewArchitectureFiles
Maestro on Android emulator (native-debug)	Build the native debug app (development variant)	2026-10-10T06:44:52.4982198Z > Task :app:generateAutolinkingPackageList
Maestro on Android emulator (native-debug)	Build the native debug app (development variant)	2026-10-10T06:44:52.5024081Z > Task :app:generateCodegenSchemaFromJavaScript SKIPPED
Maestro on Android emulator (native-debug)	Build the native debug app (development variant)	2026-10-10T06:44:52.5034135Z > Task :app:generateCodegenArtifactsFromSchema SKIPPED
Maestro on Android emulator (native-debug)	Build the native debug app (development variant)	2026-10-10T06:44:52.5034757Z > Task :app:generateReactNativeEntryPoint
Maestro on Android emulator (native-debug)	Build the native debug app (development variant)	2026-10-10T06:44:52.5035345Z > Task :react-native-masked-view_masked-view:preBuild UP-TO-DATE
Maestro on Android emulator (native-debug)	Build the native debug app (development variant)	2026-10-10T06:44:52.5952430Z > Task :react-native-reanimated:assertMinimalReactNativeVersionTask
Maestro on Android emulator (native-debug)	Build the native debug app (development variant)	2026-10-10T06:44:52.5956964Z > Task :react-native-gesture-handler:generateCodegenSchemaFromJavaScript
Maestro on Android emulator (native-debug)	Build the native debug app (development variant)	2026-10-10T06:44:52.5964272Z > Task :react-native-reanimated:assertWorkletsVersionTask
Maestro on Android emulator (native-debug)	Build the native debug app (development variant)	2026-10-10T06:44:52.6934636Z > Task :react-native-async-storage_async-storage:generateCodegenSchemaFromJavaScript
Maestro on Android emulator (native-debug)	Build the native debug app (development variant)	2026-10-10T06:44:52.7953687Z > Task :react-native-reanimated:generateCodegenSchemaFromJavaScript
Maestro on Android emulator (native-debug)	Build the native debug app (development variant)	2026-10-10T06:44:52.7974931Z > Task :react-native-async-storage_async-storage:generateCodegenArtifactsFromSchema
Maestro on Android emulator (native-debug)	Build the native debug app (development variant)	2026-10-10T06:44:52.7992258Z > Task :react-native-async-storage_async-storage:preBuild
Maestro on Android emulator (native-debug)	Build the native debug app (development variant)	2026-10-10T06:44:52.8024105Z > Task :react-native-gesture-handler:generateCodegenArtifactsFromSchema
Maestro on Android emulator (native-debug)	Build the native debug app (development variant)	2026-10-10T06:44:52.8043783Z > Task :react-native-gesture-handler:preBuild
Maestro on Android emulator (native-debug)	Build the native debug app (development variant)	2026-10-10T06:44:52.8938460Z The NODE_ENV environment variable is required but was not specified. Ensure the project is bundled with Expo CLI or NODE_ENV is set. Using only .env.local and .env
Maestro on Android emulator (native-debug)	Build the native debug app (development variant)	2026-10-10T06:44:52.8939127Z 
Maestro on Android emulator (native-debug)	Build the native debug app (development variant)	2026-10-10T06:44:52.8951860Z > Task :expo-constants:createExpoConfig
Maestro on Android emulator (native-debug)	Build the native debug app (development variant)	2026-10-10T06:44:52.8964465Z env: load .env
Maestro on Android emulator (native-debug)	Build the native debug app (development variant)	2026-10-10T06:44:52.8965606Z env: export EXPO_PUBLIC_API_TRUSTED_ORIGINS EXPO_PUBLIC_API_URL EXPO_PUBLIC_AUTH_API_URL EXPO_PUBLIC_USE_DEMO_BACKENDS
Maestro on Android emulator (native-debug)	Build the native debug app (development variant)	2026-10-10T06:44:52.8966106Z 
Maestro on Android emulator (native-debug)	Build the native debug app (development variant)	2026-10-10T06:44:52.8966401Z > Task :expo-constants:preBuild
Maestro on Android emulator (native-debug)	Build the native debug app (development variant)	2026-10-10T06:44:52.8966886Z > Task :react-native-safe-area-context:generateCodegenSchemaFromJavaScript
Maestro on Android emulator (native-debug)	Build the native debug app (development variant)	2026-10-10T06:44:52.9954479Z > Task :react-native-worklets:assertMinimalReactNativeVersionTask
Maestro on Android emulator (native-debug)	Build the native debug app (development variant)	2026-10-10T06:44:52.9977262Z > Task :react-native-reanimated:generateCodegenArtifactsFromSchema
Maestro on Android emulator (native-debug)	Build the native debug app (development variant)	2026-10-10T06:44:52.9977911Z > Task :react-native-screens:generateCodegenSchemaFromJavaScript
Maestro on Android emulator (native-debug)	Build the native debug app (development variant)	2026-10-10T06:44:53.0959840Z > Task :react-native-reanimated:prepareReanimatedHeadersForPrefabs
Maestro on Android emulator (native-debug)	Build the native debug app (development variant)	2026-10-10T06:44:53.0983323Z > Task :react-native-reanimated:preBuild
Maestro on Android emulator (native-debug)	Build the native debug app (development variant)	2026-10-10T06:44:53.1029858Z > Task :app:checkKotlinGradlePluginConfigurationErrors SKIPPED
Maestro on Android emulator (native-debug)	Build the native debug app (development variant)	2026-10-10T06:44:53.1052039Z > Task :expo:preDebugBuild
Maestro on Android emulator (native-debug)	Build the native debug app (development variant)	2026-10-10T06:44:53.1078385Z > Task :react-native-worklets:generateCodegenSchemaFromJavaScript
Maestro on Android emulator (native-debug)	Build the native debug app (development variant)	2026-10-10T06:44:53.1112788Z > Task :expo:writeDebugAarMetadata
Maestro on Android emulator (native-debug)	Build the native debug app (development variant)	2026-10-10T06:44:53.1117563Z > Task :expo-constants:preDebugBuild
Maestro on Android emulator (native-debug)	Build the native debug app (development variant)	2026-10-10T06:44:53.1143708Z > Task :expo-constants:writeDebugAarMetadata
Maestro on Android emulator (native-debug)	Build the native debug app (development variant)	2026-10-10T06:44:53.1179291Z > Task :expo-log-box:preDebugBuild UP-TO-DATE
Maestro on Android emulator (native-debug)	Build the native debug app (development variant)	2026-10-10T06:44:53.1203958Z > Task :expo-log-box:writeDebugAarMetadata
Maestro on Android emulator (native-debug)	Build the native debug app (development variant)	2026-10-10T06:44:53.1215288Z > Task :expo-modules-core:preDebugBuild UP-TO-DATE
Maestro on Android emulator (native-debug)	Build the native debug app (development variant)	2026-10-10T06:44:53.1256289Z > Task :expo-modules-core:writeDebugAarMetadata
Maestro on Android emulator (native-debug)	Build the native debug app (development variant)	2026-10-10T06:44:53.1284002Z > Task :react-native-async-storage_async-storage:preDebugBuild
Maestro on Android emulator (native-debug)	Build the native debug app (development variant)	2026-10-10T06:44:53.1304265Z > Task :react-native-async-storage_async-storage:writeDebugAarMetadata
Maestro on Android emulator (native-debug)	Build the native debug app (development variant)	2026-10-10T06:44:53.1304960Z > Task :react-native-gesture-handler:preDebugBuild
Maestro on Android emulator (native-debug)	Build the native debug app (development variant)	2026-10-10T06:44:53.1305519Z > Task :react-native-gesture-handler:writeDebugAarMetadata
Maestro on Android emulator (native-debug)	Build the native debug app (development variant)	2026-10-10T06:44:53.1306139Z > Task :react-native-masked-view_masked-view:preDebugBuild UP-TO-DATE
Maestro on Android emulator (native-debug)	Build the native debug app (development variant)	2026-10-10T06:44:53.1306805Z > Task :react-native-safe-area-context:generateCodegenArtifactsFromSchema
Maestro on Android emulator (native-debug)	Build the native debug app (development variant)	2026-10-10T06:44:53.1307523Z > Task :react-native-safe-area-context:preBuild
Maestro on Android emulator (native-debug)	Build the native debug app (development variant)	2026-10-10T06:44:53.1308028Z > Task :react-native-reanimated:preDebugBuild
Maestro on Android emulator (native-debug)	Build the native debug app (development variant)	2026-10-10T06:44:53.1308599Z > Task :react-native-masked-view_masked-view:writeDebugAarMetadata
Maestro on Android emulator (native-debug)	Build the native debug app (development variant)	2026-10-10T06:44:53.1309470Z > Task :react-native-safe-area-context:preDebugBuild
Maestro on Android emulator (native-debug)	Build the native debug app (development variant)	2026-10-10T06:44:53.1310022Z > Task :react-native-safe-area-context:writeDebugAarMetadata
Maestro on Android emulator (native-debug)	Build the native debug app (development variant)	2026-10-10T06:44:53.1310561Z > Task :react-native-reanimated:writeDebugAarMetadata
Maestro on Android emulator (native-debug)	Build the native debug app (development variant)	2026-10-10T06:44:53.1311052Z > Task :expo-constants:generateDebugResValues
Maestro on Android emulator (native-debug)	Build the native debug app (development variant)	2026-10-10T06:44:53.1311512Z > Task :expo:generateDebugResValues
Maestro on Android emulator (native-debug)	Build the native debug app (development variant)	2026-10-10T06:44:53.1311947Z > Task :expo:generateDebugResources
Maestro on Android emulator (native-debug)	Build the native debug app (development variant)	2026-10-10T06:44:53.1312394Z > Task :expo-constants:generateDebugResources
Maestro on Android emulator (native-debug)	Build the native debug app (development variant)	2026-10-10T06:44:53.1931591Z > Task :expo-constants:packageDebugResources
Maestro on Android emulator (native-debug)	Build the native debug app (development variant)	2026-10-10T06:44:53.1939612Z > Task :expo:packageDebugResources
Maestro on Android emulator (native-debug)	Build the native debug app (development variant)	2026-10-10T06:44:53.1941079Z > Task :expo-modules-core:generateDebugResValues
Maestro on Android emulator (native-debug)	Build the native debug app (development variant)	2026-10-10T06:44:53.1942417Z > Task :expo-log-box:generateDebugResValues
Maestro on Android emulator (native-debug)	Build the native debug app (development variant)	2026-10-10T06:44:53.1943857Z > Task :expo-modules-core:generateDebugResources
Maestro on Android emulator (native-debug)	Build the native debug app (development variant)	2026-10-10T06:44:53.1945203Z > Task :expo-log-box:generateDebugResources
Maestro on Android emulator (native-debug)	Build the native debug app (development variant)	2026-10-10T06:44:53.1946475Z > Task :expo-modules-core:packageDebugResources
Maestro on Android emulator (native-debug)	Build the native debug app (development variant)	2026-10-10T06:44:53.1947809Z > Task :react-native-screens:generateCodegenArtifactsFromSchema
Maestro on Android emulator (native-debug)	Build the native debug app (development variant)	2026-10-10T06:44:53.1948421Z > Task :react-native-screens:preBuild
Maestro on Android emulator (native-debug)	Build the native debug app (development variant)	2026-10-10T06:44:53.1948996Z > Task :react-native-screens:preDebugBuild
Maestro on Android emulator (native-debug)	Build the native debug app (development variant)	2026-10-10T06:44:53.1949626Z > Task :react-native-async-storage_async-storage:generateDebugResValues
Maestro on Android emulator (native-debug)	Build the native debug app (development variant)	2026-10-10T06:44:53.1950307Z > Task :react-native-async-storage_async-storage:generateDebugResources
Maestro on Android emulator (native-debug)	Build the native debug app (development variant)	2026-10-10T06:44:53.1950893Z > Task :react-native-screens:writeDebugAarMetadata
Maestro on Android emulator (native-debug)	Build the native debug app (development variant)	2026-10-10T06:44:53.1951404Z > Task :expo-log-box:packageDebugResources
Maestro on Android emulator (native-debug)	Build the native debug app (development variant)	2026-10-10T06:44:53.1951952Z > Task :react-native-gesture-handler:generateDebugResValues
Maestro on Android emulator (native-debug)	Build the native debug app (development variant)	2026-10-10T06:44:53.1952556Z > Task :react-native-gesture-handler:generateDebugResources
Maestro on Android emulator (native-debug)	Build the native debug app (development variant)	2026-10-10T06:44:53.1953315Z > Task :react-native-masked-view_masked-view:generateDebugResValues
Maestro on Android emulator (native-debug)	Build the native debug app (development variant)	2026-10-10T06:44:53.1954256Z > Task :react-native-masked-view_masked-view:generateDebugResources
Maestro on Android emulator (native-debug)	Build the native debug app (development variant)	2026-10-10T06:44:53.1955030Z > Task :react-native-async-storage_async-storage:packageDebugResources
Maestro on Android emulator (native-debug)	Build the native debug app (development variant)	2026-10-10T06:44:53.1969134Z > Task :react-native-reanimated:generateDebugResValues
Maestro on Android emulator (native-debug)	Build the native debug app (development variant)	2026-10-10T06:44:53.1975556Z > Task :react-native-masked-view_masked-view:packageDebugResources
Maestro on Android emulator (native-debug)	Build the native debug app (development variant)	2026-10-10T06:44:53.1977121Z > Task :react-native-safe-area-context:generateDebugResValues
Maestro on Android emulator (native-debug)	Build the native debug app (development variant)	2026-10-10T06:44:53.1978600Z > Task :react-native-reanimated:generateDebugResources
Maestro on Android emulator (native-debug)	Build the native debug app (development variant)	2026-10-10T06:44:53.1979940Z > Task :react-native-worklets:generateCodegenArtifactsFromSchema
Maestro on Android emulator (native-debug)	Build the native debug app (development variant)	2026-10-10T06:44:53.1983488Z > Task :react-native-safe-area-context:generateDebugResources
Maestro on Android emulator (native-debug)	Build the native debug app (development variant)	2026-10-10T06:44:53.1984154Z > Task :react-native-gesture-handler:packageDebugResources
Maestro on Android emulator (native-debug)	Build the native debug app (development variant)	2026-10-10T06:44:53.2006847Z > Task :react-native-reanimated:packageDebugResources
Maestro on Android emulator (native-debug)	Build the native debug app (development variant)	2026-10-10T06:44:53.2007452Z > Task :expo:extractDeepLinksDebug
Maestro on Android emulator (native-debug)	Build the native debug app (development variant)	2026-10-10T06:44:53.2008208Z > Task :react-native-screens:generateDebugResValues
Maestro on Android emulator (native-debug)	Build the native debug app (development variant)	2026-10-10T06:44:53.2928053Z > Task :react-native-safe-area-context:packageDebugResources
Maestro on Android emulator (native-debug)	Build the native debug app (development variant)	2026-10-10T06:44:53.2954462Z > Task :expo-constants:extractDeepLinksDebug
Maestro on Android emulator (native-debug)	Build the native debug app (development variant)	2026-10-10T06:44:53.2967432Z > Task :react-native-screens:generateDebugResources
Maestro on Android emulator (native-debug)	Build the native debug app (development variant)	2026-10-10T06:44:53.2968399Z > Task :react-native-worklets:prepareWorkletsHeadersForPrefabs
Maestro on Android emulator (native-debug)	Build the native debug app (development variant)	2026-10-10T06:44:53.2968911Z > Task :react-native-worklets:preBuild
Maestro on Android emulator (native-debug)	Build the native debug app (development variant)	2026-10-10T06:44:53.2969283Z > Task :app:preBuild
Maestro on Android emulator (native-debug)	Build the native debug app (development variant)	2026-10-10T06:44:53.2969615Z > Task :app:preDebugBuild
Maestro on Android emulator (native-debug)	Build the native debug app (development variant)	2026-10-10T06:44:53.2970046Z > Task :app:mergeDebugNativeDebugMetadata NO-SOURCE
Maestro on Android emulator (native-debug)	Build the native debug app (development variant)	2026-10-10T06:44:53.2970492Z > Task :app:generateDebugBuildConfig
Maestro on Android emulator (native-debug)	Build the native debug app (development variant)	2026-10-10T06:44:53.2970916Z > Task :react-native-worklets:preDebugBuild
Maestro on Android emulator (native-debug)	Build the native debug app (development variant)	2026-10-10T06:44:53.2971380Z > Task :react-native-worklets:writeDebugAarMetadata
Maestro on Android emulator (native-debug)	Build the native debug app (development variant)	2026-10-10T06:44:53.2971859Z > Task :react-native-screens:packageDebugResources
Maestro on Android emulator (native-debug)	Build the native debug app (development variant)	2026-10-10T06:44:53.2972349Z > Task :react-native-worklets:generateDebugResValues
Maestro on Android emulator (native-debug)	Build the native debug app (development variant)	2026-10-10T06:44:53.2972817Z > Task :expo-constants:processDebugManifest
Maestro on Android emulator (native-debug)	Build the native debug app (development variant)	2026-10-10T06:44:53.3011894Z > Task :react-native-worklets:generateDebugResources
Maestro on Android emulator (native-debug)	Build the native debug app (development variant)	2026-10-10T06:44:53.3021355Z > Task :expo-log-box:extractDeepLinksDebug
Maestro on Android emulator (native-debug)	Build the native debug app (development variant)	2026-10-10T06:44:53.3021963Z > Task :react-native-worklets:packageDebugResources
Maestro on Android emulator (native-debug)	Build the native debug app (development variant)	2026-10-10T06:44:53.3926618Z > Task :expo-modules-core:extractDeepLinksDebug
Maestro on Android emulator (native-debug)	Build the native debug app (development variant)	2026-10-10T06:44:55.3924970Z 
Maestro on Android emulator (native-debug)	Build the native debug app (development variant)	2026-10-10T06:44:55.3925509Z > Task :expo-modules-core:processDebugManifest
Maestro on Android emulator (native-debug)	Build the native debug app (development variant)	2026-10-10T06:44:55.3926081Z /home/runner/work/react-native-starter/react-native-starter/node_modules/expo-modules-core/android/src/main/AndroidManifest.xml:8:9-11:45 Warning:
Maestro on Android emulator (native-debug)	Build the native debug app (development variant)	2026-10-10T06:44:55.3926747Z 	meta-data#com.facebook.soloader.enabled@android:value was tagged at AndroidManifest.xml:8 to replace other declarations but no other declaration present
Maestro on Android emulator (native-debug)	Build the native debug app (development variant)	2026-10-10T06:44:56.3925508Z 
Maestro on Android emulator (native-debug)	Build the native debug app (development variant)	2026-10-10T06:44:56.3926342Z > Task :react-native-async-storage_async-storage:extractDeepLinksDebug
Maestro on Android emulator (native-debug)	Build the native debug app (development variant)	2026-10-10T06:44:56.3926836Z > Task :expo-log-box:processDebugManifest
Maestro on Android emulator (native-debug)	Build the native debug app (development variant)	2026-10-10T06:44:56.3937335Z > Task :react-native-gesture-handler:extractDeepLinksDebug
Maestro on Android emulator (native-debug)	Build the native debug app (development variant)	2026-10-10T06:44:56.3963612Z 
Maestro on Android emulator (native-debug)	Build the native debug app (development variant)	2026-10-10T06:44:56.3964173Z > Task :react-native-async-storage_async-storage:processDebugManifest
Maestro on Android emulator (native-debug)	Build the native debug app (development variant)	2026-10-10T06:44:56.3965605Z package="com.reactnativecommunity.asyncstorage" found in source AndroidManifest.xml: /home/runner/work/react-native-starter/react-native-starter/node_modules/@react-native-async-storage/async-storage/android/src/main/AndroidManifest.xml.
Maestro on Android emulator (native-debug)	Build the native debug app (development variant)	2026-10-10T06:44:56.3967223Z Setting the namespace via the package attribute in the source AndroidManifest.xml is no longer supported, and the value is ignored.
Maestro on Android emulator (native-debug)	Build the native debug app (development variant)	2026-10-10T06:44:56.3968834Z Recommendation: remove package="com.reactnativecommunity.asyncstorage" from the source AndroidManifest.xml: /home/runner/work/react-native-starter/react-native-starter/node_modules/@react-native-async-storage/async-storage/android/src/main/AndroidManifest.xml.
Maestro on Android emulator (native-debug)	Build the native debug app (development variant)	2026-10-10T06:44:56.3969842Z 
Maestro on Android emulator (native-debug)	Build the native debug app (development variant)	2026-10-10T06:44:56.3970243Z > Task :react-native-masked-view_masked-view:extractDeepLinksDebug
Maestro on Android emulator (native-debug)	Build the native debug app (development variant)	2026-10-10T06:44:56.3970819Z > Task :react-native-gesture-handler:processDebugManifest
Maestro on Android emulator (native-debug)	Build the native debug app (development variant)	2026-10-10T06:44:56.3971351Z > Task :react-native-reanimated:extractDeepLinksDebug
Maestro on Android emulator (native-debug)	Build the native debug app (development variant)	2026-10-10T06:44:56.3971904Z > Task :react-native-masked-view_masked-view:processDebugManifest
Maestro on Android emulator (native-debug)	Build the native debug app (development variant)	2026-10-10T06:44:56.4926218Z > Task :react-native-safe-area-context:extractDeepLinksDebug
Maestro on Android emulator (native-debug)	Build the native debug app (development variant)	2026-10-10T06:44:56.4926696Z > Task :expo:processDebugManifest
Maestro on Android emulator (native-debug)	Build the native debug app (development variant)	2026-10-10T06:44:56.4927046Z > Task :react-native-screens:extractDeepLinksDebug
Maestro on Android emulator (native-debug)	Build the native debug app (development variant)	2026-10-10T06:44:56.4927390Z > Task :react-native-reanimated:processDebugManifest
Maestro on Android emulator (native-debug)	Build the native debug app (development variant)	2026-10-10T06:44:56.4927725Z > Task :react-native-worklets:extractDeepLinksDebug
Maestro on Android emulator (native-debug)	Build the native debug app (development variant)	2026-10-10T06:44:56.4927920Z 
Maestro on Android emulator (native-debug)	Build the native debug app (development variant)	2026-10-10T06:44:56.4928108Z > Task :react-native-safe-area-context:processDebugManifest
Maestro on Android emulator (native-debug)	Build the native debug app (development variant)	2026-10-10T06:44:56.4929068Z package="com.th3rdwave.safeareacontext" found in source AndroidManifest.xml: /home/runner/work/react-native-starter/react-native-starter/node_modules/react-native-safe-area-context/android/src/main/AndroidManifest.xml.
Maestro on Android emulator (native-debug)	Build the native debug app (development variant)	2026-10-10T06:44:56.4929862Z Setting the namespace via the package attribute in the source AndroidManifest.xml is no longer supported, and the value is ignored.
Maestro on Android emulator (native-debug)	Build the native debug app (development variant)	2026-10-10T06:44:56.4930667Z Recommendation: remove package="com.th3rdwave.safeareacontext" from the source AndroidManifest.xml: /home/runner/work/react-native-starter/react-native-starter/node_modules/react-native-safe-area-context/android/src/main/AndroidManifest.xml.
Maestro on Android emulator (native-debug)	Build the native debug app (development variant)	2026-10-10T06:44:56.9925039Z 
Maestro on Android emulator (native-debug)	Build the native debug app (development variant)	2026-10-10T06:44:56.9933893Z > Task :expo:compileDebugLibraryResources
Maestro on Android emulator (native-debug)	Build the native debug app (development variant)	2026-10-10T06:44:57.7926339Z > Task :react-native-screens:processDebugManifest
Maestro on Android emulator (native-debug)	Build the native debug app (development variant)	2026-10-10T06:44:59.5934884Z > Task :react-native-worklets:processDebugManifest
Maestro on Android emulator (native-debug)	Build the native debug app (development variant)	2026-10-10T06:44:59.5964046Z > Task :expo-constants:compileDebugLibraryResources
Maestro on Android emulator (native-debug)	Build the native debug app (development variant)	2026-10-10T06:44:59.6947068Z > Task :expo-constants:parseDebugLocalResources
Maestro on Android emulator (native-debug)	Build the native debug app (development variant)	2026-10-10T06:44:59.6984335Z > Task :expo:parseDebugLocalResources
Maestro on Android emulator (native-debug)	Build the native debug app (development variant)	2026-10-10T06:44:59.6985363Z > Task :expo:generateDebugRFile
Maestro on Android emulator (native-debug)	Build the native debug app (development variant)	2026-10-10T06:44:59.7015234Z > Task :expo-constants:generateDebugRFile
Maestro on Android emulator (native-debug)	Build the native debug app (development variant)	2026-10-10T06:44:59.7043779Z > Task :expo-log-box:parseDebugLocalResources
Maestro on Android emulator (native-debug)	Build the native debug app (development variant)	2026-10-10T06:44:59.7073875Z > Task :expo-log-box:compileDebugLibraryResources
Maestro on Android emulator (native-debug)	Build the native debug app (development variant)	2026-10-10T06:44:59.7074519Z > Task :expo-log-box:generateDebugRFile
Maestro on Android emulator (native-debug)	Build the native debug app (development variant)	2026-10-10T06:44:59.7100559Z > Task :expo-modules-core:parseDebugLocalResources
Maestro on Android emulator (native-debug)	Build the native debug app (development variant)	2026-10-10T06:44:59.7125698Z > Task :react-native-async-storage_async-storage:compileDebugLibraryResources
Maestro on Android emulator (native-debug)	Build the native debug app (development variant)	2026-10-10T06:44:59.7153862Z > Task :react-native-async-storage_async-storage:parseDebugLocalResources
Maestro on Android emulator (native-debug)	Build the native debug app (development variant)	2026-10-10T06:44:59.7177494Z > Task :expo-modules-core:compileDebugLibraryResources
Maestro on Android emulator (native-debug)	Build the native debug app (development variant)	2026-10-10T06:44:59.7200978Z > Task :expo-modules-core:generateDebugRFile
Maestro on Android emulator (native-debug)	Build the native debug app (development variant)	2026-10-10T06:44:59.7939667Z > Task :react-native-async-storage_async-storage:generateDebugRFile
Maestro on Android emulator (native-debug)	Build the native debug app (development variant)	2026-10-10T06:44:59.7966461Z > Task :react-native-gesture-handler:compileDebugLibraryResources
Maestro on Android emulator (native-debug)	Build the native debug app (development variant)	2026-10-10T06:44:59.7985612Z > Task :react-native-gesture-handler:parseDebugLocalResources
Maestro on Android emulator (native-debug)	Build the native debug app (development variant)	2026-10-10T06:44:59.8015869Z > Task :react-native-gesture-handler:generateDebugRFile
Maestro on Android emulator (native-debug)	Build the native debug app (development variant)	2026-10-10T06:44:59.8016873Z > Task :react-native-masked-view_masked-view:parseDebugLocalResources
Maestro on Android emulator (native-debug)	Build the native debug app (development variant)	2026-10-10T06:44:59.8017773Z > Task :react-native-masked-view_masked-view:compileDebugLibraryResources
Maestro on Android emulator (native-debug)	Build the native debug app (development variant)	2026-10-10T06:44:59.8023810Z > Task :react-native-masked-view_masked-view:generateDebugRFile
Maestro on Android emulator (native-debug)	Build the native debug app (development variant)	2026-10-10T06:44:59.8037071Z > Task :react-native-safe-area-context:compileDebugLibraryResources
Maestro on Android emulator (native-debug)	Build the native debug app (development variant)	2026-10-10T06:44:59.8037621Z > Task :react-native-reanimated:compileDebugLibraryResources
Maestro on Android emulator (native-debug)	Build the native debug app (development variant)	2026-10-10T06:44:59.8038086Z > Task :react-native-safe-area-context:parseDebugLocalResources
Maestro on Android emulator (native-debug)	Build the native debug app (development variant)	2026-10-10T06:44:59.8946472Z > Task :react-native-safe-area-context:generateDebugRFile
Maestro on Android emulator (native-debug)	Build the native debug app (development variant)	2026-10-10T06:44:59.9925836Z > Task :react-native-screens:parseDebugLocalResources
Maestro on Android emulator (native-debug)	Build the native debug app (development variant)	2026-10-10T06:44:59.9928470Z > Task :react-native-screens:generateDebugRFile
Maestro on Android emulator (native-debug)	Build the native debug app (development variant)	2026-10-10T06:44:59.9929022Z > Task :react-native-reanimated:parseDebugLocalResources
Maestro on Android emulator (native-debug)	Build the native debug app (development variant)	2026-10-10T06:44:59.9929576Z > Task :react-native-screens:compileDebugLibraryResources
Maestro on Android emulator (native-debug)	Build the native debug app (development variant)	2026-10-10T06:44:59.9930106Z > Task :react-native-reanimated:generateDebugRFile
Maestro on Android emulator (native-debug)	Build the native debug app (development variant)	2026-10-10T06:44:59.9930707Z > Task :expo:checkKotlinGradlePluginConfigurationErrors SKIPPED
Maestro on Android emulator (native-debug)	Build the native debug app (development variant)	2026-10-10T06:44:59.9931233Z > Task :expo:generateDebugBuildConfig
Maestro on Android emulator (native-debug)	Build the native debug app (development variant)	2026-10-10T06:44:59.9931797Z > Task :expo-constants:checkKotlinGradlePluginConfigurationErrors SKIPPED
Maestro on Android emulator (native-debug)	Build the native debug app (development variant)	2026-10-10T06:44:59.9932372Z > Task :expo-constants:generateDebugBuildConfig
Maestro on Android emulator (native-debug)	Build the native debug app (development variant)	2026-10-10T06:44:59.9932977Z > Task :expo-modules-core:checkKotlinGradlePluginConfigurationErrors SKIPPED
Maestro on Android emulator (native-debug)	Build the native debug app (development variant)	2026-10-10T06:44:59.9933695Z > Task :expo-modules-core:generateDebugBuildConfig
Maestro on Android emulator (native-debug)	Build the native debug app (development variant)	2026-10-10T06:44:59.9934322Z > Task :react-native-worklets:checkKotlinGradlePluginConfigurationErrors SKIPPED
Maestro on Android emulator (native-debug)	Build the native debug app (development variant)	2026-10-10T06:44:59.9934938Z > Task :react-native-worklets:generateDebugBuildConfig
Maestro on Android emulator (native-debug)	Build the native debug app (development variant)	2026-10-10T06:44:59.9935472Z > Task :react-native-worklets:compileDebugLibraryResources
Maestro on Android emulator (native-debug)	Build the native debug app (development variant)	2026-10-10T06:44:59.9935987Z > Task :react-native-worklets:javaPreCompileDebug
Maestro on Android emulator (native-debug)	Build the native debug app (development variant)	2026-10-10T06:44:59.9936496Z > Task :react-native-worklets:parseDebugLocalResources
Maestro on Android emulator (native-debug)	Build the native debug app (development variant)	2026-10-10T06:44:59.9936987Z > Task :expo-modules-core:javaPreCompileDebug
Maestro on Android emulator (native-debug)	Build the native debug app (development variant)	2026-10-10T06:44:59.9937560Z > Task :expo-log-box:checkKotlinGradlePluginConfigurationErrors SKIPPED
Maestro on Android emulator (native-debug)	Build the native debug app (development variant)	2026-10-10T06:44:59.9938585Z > Task :expo-log-box:generateDebugBuildConfig
Maestro on Android emulator (native-debug)	Build the native debug app (development variant)	2026-10-10T06:44:59.9939056Z > Task :react-native-worklets:generateDebugRFile
Maestro on Android emulator (native-debug)	Build the native debug app (development variant)	2026-10-10T06:45:02.6926354Z > Task :expo-constants:javaPreCompileDebug
Maestro on Android emulator (native-debug)	Build the native debug app (development variant)	2026-10-10T06:45:02.8930225Z > Task :expo-log-box:javaPreCompileDebug
Maestro on Android emulator (native-debug)	Build the native debug app (development variant)	2026-10-10T06:45:02.8930765Z > Task :expo:javaPreCompileDebug
Maestro on Android emulator (native-debug)	Build the native debug app (development variant)	2026-10-10T06:45:02.8931344Z > Task :react-native-gesture-handler:checkKotlinGradlePluginConfigurationErrors SKIPPED
Maestro on Android emulator (native-debug)	Build the native debug app (development variant)	2026-10-10T06:45:02.8936635Z > Task :react-native-async-storage_async-storage:generateDebugBuildConfig
Maestro on Android emulator (native-debug)	Build the native debug app (development variant)	2026-10-10T06:45:02.8937188Z > Task :react-native-gesture-handler:generateDebugBuildConfig
Maestro on Android emulator (native-debug)	Build the native debug app (development variant)	2026-10-10T06:45:02.8940833Z > Task :react-native-reanimated:checkKotlinGradlePluginConfigurationErrors SKIPPED
Maestro on Android emulator (native-debug)	Build the native debug app (development variant)	2026-10-10T06:45:02.8941389Z > Task :react-native-reanimated:generateDebugBuildConfig
Maestro on Android emulator (native-debug)	Build the native debug app (development variant)	2026-10-10T06:45:02.8942024Z > Task :react-native-reanimated:javaPreCompileDebug
Maestro on Android emulator (native-debug)	Build the native debug app (development variant)	2026-10-10T06:45:02.8942617Z > Task :react-native-async-storage_async-storage:javaPreCompileDebug
Maestro on Android emulator (native-debug)	Build the native debug app (development variant)	2026-10-10T06:45:02.9926454Z > Task :react-native-gesture-handler:javaPreCompileDebug
Maestro on Android emulator (native-debug)	Build the native debug app (development variant)	2026-10-10T06:45:02.9927053Z > Task :react-native-masked-view_masked-view:generateDebugBuildConfig
Maestro on Android emulator (native-debug)	Build the native debug app (development variant)	2026-10-10T06:45:06.4943363Z > Task :react-native-masked-view_masked-view:javaPreCompileDebug
Maestro on Android emulator (native-debug)	Build the native debug app (development variant)	2026-10-10T06:45:06.5926373Z > Task :app:checkDebugAarMetadata
Maestro on Android emulator (native-debug)	Build the native debug app (development variant)	2026-10-10T06:45:06.5984268Z > Task :app:generateDebugResValues
Maestro on Android emulator (native-debug)	Build the native debug app (development variant)	2026-10-10T06:45:06.6925947Z > Task :app:mapDebugSourceSetPaths
Maestro on Android emulator (native-debug)	Build the native debug app (development variant)	2026-10-10T06:45:06.6974073Z > Task :app:generateDebugResources
Maestro on Android emulator (native-debug)	Build the native debug app (development variant)	2026-10-10T06:45:08.5935258Z Note: /home/runner/work/react-native-starter/react-native-starter/node_modules/@react-native-masked-view/masked-view/android/src/main/java/org/reactnative/maskedview/RNCMaskedViewPackage.java uses or overrides a deprecated API.
Maestro on Android emulator (native-debug)	Build the native debug app (development variant)	2026-10-10T06:45:08.5936211Z 
Maestro on Android emulator (native-debug)	Build the native debug app (development variant)	2026-10-10T06:45:08.5936841Z Note: Recompile with -Xlint:deprecation for details.
Maestro on Android emulator (native-debug)	Build the native debug app (development variant)	2026-10-10T06:45:08.5937361Z > Task :react-native-masked-view_masked-view:compileDebugJavaWithJavac
Maestro on Android emulator (native-debug)	Build the native debug app (development variant)	2026-10-10T06:45:09.0934434Z Note: Some input files use or override a deprecated API.
Maestro on Android emulator (native-debug)	Build the native debug app (development variant)	2026-10-10T06:45:09.0934791Z 
Maestro on Android emulator (native-debug)	Build the native debug app (development variant)	2026-10-10T06:45:09.0984185Z Note: Recompile with -Xlint:deprecation for details.
Maestro on Android emulator (native-debug)	Build the native debug app (development variant)	2026-10-10T06:45:09.0984713Z > Task :react-native-worklets:compileDebugKotlin
Maestro on Android emulator (native-debug)	Build the native debug app (development variant)	2026-10-10T06:45:09.1003866Z > Task :app:packageDebugResources
Maestro on Android emulator (native-debug)	Build the native debug app (development variant)	2026-10-10T06:45:09.1005418Z Note: /home/runner/work/react-native-starter/react-native-starter/node_modules/@react-native-async-storage/async-storage/android/src/javaPackage/java/com/reactnativecommunity/asyncstorage/AsyncStoragePackage.java uses unchecked or unsafe operations.
Maestro on Android emulator (native-debug)	Build the native debug app (development variant)	2026-10-10T06:45:09.1033691Z Note: Recompile with -Xlint:unchecked for details.
Maestro on Android emulator (native-debug)	Build the native debug app (development variant)	2026-10-10T06:45:09.1043375Z 
Maestro on Android emulator (native-debug)	Build the native debug app (development variant)	2026-10-10T06:45:09.1063707Z > Task :react-native-async-storage_async-storage:compileDebugJavaWithJavac
Maestro on Android emulator (native-debug)	Build the native debug app (development variant)	2026-10-10T06:45:09.8943758Z 
Maestro on Android emulator (native-debug)	Build the native debug app (development variant)	2026-10-10T06:45:09.8944938Z > Task :app:parseDebugLocalResources
Maestro on Android emulator (native-debug)	Build the native debug app (development variant)	2026-10-10T06:45:09.8968827Z > Task :app:createDebugCompatibleScreenManifests
Maestro on Android emulator (native-debug)	Build the native debug app (development variant)	2026-10-10T06:45:09.8994670Z > Task :app:extractDeepLinksDebug
Maestro on Android emulator (native-debug)	Build the native debug app (development variant)	2026-10-10T06:45:10.6926151Z > Task :app:mergeDebugResources
Maestro on Android emulator (native-debug)	Build the native debug app (development variant)	2026-10-10T06:45:11.4926375Z > Task :react-native-worklets:compileDebugJavaWithJavac
Maestro on Android emulator (native-debug)	Build the native debug app (development variant)	2026-10-10T06:45:11.5964493Z > Task :react-native-async-storage_async-storage:bundleLibCompileToJarDebug
Maestro on Android emulator (native-debug)	Build the native debug app (development variant)	2026-10-10T06:45:11.5972258Z > Task :react-native-safe-area-context:checkKotlinGradlePluginConfigurationErrors SKIPPED
Maestro on Android emulator (native-debug)	Build the native debug app (development variant)	2026-10-10T06:45:11.6025667Z > Task :react-native-safe-area-context:generateDebugBuildConfig
Maestro on Android emulator (native-debug)	Build the native debug app (development variant)	2026-10-10T06:45:11.6042998Z > Task :react-native-masked-view_masked-view:bundleLibCompileToJarDebug
Maestro on Android emulator (native-debug)	Build the native debug app (development variant)	2026-10-10T06:45:11.6051555Z > Task :react-native-screens:checkKotlinGradlePluginConfigurationErrors SKIPPED
Maestro on Android emulator (native-debug)	Build the native debug app (development variant)	2026-10-10T06:45:11.6074790Z > Task :react-native-worklets:bundleLibCompileToJarDebug
Maestro on Android emulator (native-debug)	Build the native debug app (development variant)	2026-10-10T06:45:11.6098493Z > Task :react-native-screens:generateDebugBuildConfig
Maestro on Android emulator (native-debug)	Build the native debug app (development variant)	2026-10-10T06:45:11.6931419Z 
Maestro on Android emulator (native-debug)	Build the native debug app (development variant)	2026-10-10T06:45:11.6941726Z > Task :app:processDebugMainManifest
Maestro on Android emulator (native-debug)	Build the native debug app (development variant)	2026-10-10T06:45:11.6952880Z /home/runner/work/react-native-starter/react-native-starter/android/app/src/debug/AndroidManifest.xml:6:5-162 Warning:
Maestro on Android emulator (native-debug)	Build the native debug app (development variant)	2026-10-10T06:45:11.6971603Z 	application@android:usesCleartextTraffic was tagged at AndroidManifest.xml:6 to replace other declarations but no other declaration present
Maestro on Android emulator (native-debug)	Build the native debug app (development variant)	2026-10-10T06:45:11.6988394Z /home/runner/work/react-native-starter/react-native-starter/android/app/src/debug/AndroidManifest.xml Warning:
Maestro on Android emulator (native-debug)	Build the native debug app (development variant)	2026-10-10T06:45:11.7008180Z 	provider#expo.modules.filesystem.FileSystemFileProvider@android:authorities was tagged at AndroidManifest.xml:0 to replace other declarations but no other declaration present
Maestro on Android emulator (native-debug)	Build the native debug app (development variant)	2026-10-10T06:45:11.7087602Z 
Maestro on Android emulator (native-debug)	Build the native debug app (development variant)	2026-10-10T06:45:11.7103958Z > Task :app:expoDebugOverrideMaxSdkConflicts
Maestro on Android emulator (native-debug)	Build the native debug app (development variant)	2026-10-10T06:45:11.7114083Z ^[[33m---------- Expo Max Sdk Override Plugin ----------^[[0m
Maestro on Android emulator (native-debug)	Build the native debug app (development variant)	2026-10-10T06:45:11.7143794Z ^[[32m>>> No 'android:maxSdkVersion' conflicts found^[[0m
Maestro on Android emulator (native-debug)	Build the native debug app (development variant)	2026-10-10T06:45:11.7157169Z ^[[33m--------------------------------------------------^[[0m
Maestro on Android emulator (native-debug)	Build the native debug app (development variant)	2026-10-10T06:45:11.7926540Z 
Maestro on Android emulator (native-debug)	Build the native debug app (development variant)	2026-10-10T06:45:11.7944216Z > Task :app:processDebugManifest
Maestro on Android emulator (native-debug)	Build the native debug app (development variant)	2026-10-10T06:45:12.3962144Z > Task :app:processDebugManifestForPackage
Maestro on Android emulator (native-debug)	Build the native debug app (development variant)	2026-10-10T06:45:15.3954268Z > Task :app:processDebugResources
Maestro on Android emulator (native-debug)	Build the native debug app (development variant)	2026-10-10T06:45:15.3984294Z > Task :react-native-safe-area-context:javaPreCompileDebug
Maestro on Android emulator (native-debug)	Build the native debug app (development variant)	2026-10-10T06:45:15.4953747Z 
Maestro on Android emulator (native-debug)	Build the native debug app (development variant)	2026-10-10T06:45:15.5014504Z > Task :react-native-safe-area-context:compileDebugKotlin
Maestro on Android emulator (native-debug)	Build the native debug app (development variant)	2026-10-10T06:45:15.5045253Z w: file:///home/runner/work/react-native-starter/react-native-starter/node_modules/react-native-safe-area-context/android/src/main/java/com/th3rdwave/safeareacontext/SafeAreaProviderManager.kt:39:19 'fun getEventDispatcherForReactTag(context: ReactContext, reactTag: Int): EventDispatcher?' is deprecated. reactTag is no longer needed.
Maestro on Android emulator (native-debug)	Build the native debug app (development variant)	2026-10-10T06:45:15.5047957Z w: file:///home/runner/work/react-native-starter/react-native-starter/node_modules/react-native-safe-area-context/android/src/main/java/com/th3rdwave/safeareacontext/SafeAreaView.kt:9:8 'class UIManagerModule : ReactContextBaseJavaModule, LifecycleEventListener, UIManager' is deprecated. Deprecated in Java.
Maestro on Android emulator (native-debug)	Build the native debug app (development variant)	2026-10-10T06:45:15.5050745Z w: file:///home/runner/work/react-native-starter/react-native-starter/node_modules/react-native-safe-area-context/android/src/main/java/com/th3rdwave/safeareacontext/SafeAreaView.kt:50:54 'class UIManagerModule : ReactContextBaseJavaModule, LifecycleEventListener, UIManager' is deprecated. Deprecated in Java.
Maestro on Android emulator (native-debug)	Build the native debug app (development variant)	2026-10-10T06:45:15.5052972Z w: file:///home/runner/work/react-native-starter/react-native-starter/node_modules/react-native-safe-area-context/android/src/main/java/com/th3rdwave/safeareacontext/SafeAreaView.kt:59:23 'val uiImplementation: UIImplementation!' is deprecated. Deprecated in Java.
Maestro on Android emulator (native-debug)	Build the native debug app (development variant)	2026-10-10T06:45:15.5055454Z w: file:///home/runner/work/react-native-starter/react-native-starter/node_modules/react-native-safe-area-context/android/src/main/java/com/th3rdwave/safeareacontext/SafeAreaViewShadowNode.kt:9:32 'class LayoutShadowNode : ReactShadowNodeImpl' is deprecated. This class is part of Legacy Architecture and will be removed in a future release.
Maestro on Android emulator (native-debug)	Build the native debug app (development variant)	2026-10-10T06:45:15.5058103Z w: file:///home/runner/work/react-native-starter/react-native-starter/node_modules/react-native-safe-area-context/android/src/main/java/com/th3rdwave/safeareacontext/SafeAreaViewShadowNode.kt:110:61 'class NativeViewHierarchyOptimizer : Any' is deprecated. This class is part of Legacy Architecture and will be removed in a future release.
Maestro on Android emulator (native-debug)	Build the native debug app (development variant)	2026-10-10T06:45:16.3943630Z 
Maestro on Android emulator (native-debug)	Build the native debug app (development variant)	2026-10-10T06:45:16.3954522Z > Task :react-native-safe-area-context:compileDebugJavaWithJavac
Maestro on Android emulator (native-debug)	Build the native debug app (development variant)	2026-10-10T06:45:16.4015237Z > Task :react-native-safe-area-context:bundleLibCompileToJarDebug
Maestro on Android emulator (native-debug)	Build the native debug app (development variant)	2026-10-10T06:45:16.4074063Z > Task :app:javaPreCompileDebug
Maestro on Android emulator (native-debug)	Build the native debug app (development variant)	2026-10-10T06:45:16.4942214Z > Task :app:mergeDebugShaders
Maestro on Android emulator (native-debug)	Build the native debug app (development variant)	2026-10-10T06:45:16.4998094Z > Task :app:compileDebugShaders NO-SOURCE
Maestro on Android emulator (native-debug)	Build the native debug app (development variant)	2026-10-10T06:45:16.5074253Z > Task :app:generateDebugAssets UP-TO-DATE
Maestro on Android emulator (native-debug)	Build the native debug app (development variant)	2026-10-10T06:45:16.5103808Z > Task :expo:mergeDebugShaders
Maestro on Android emulator (native-debug)	Build the native debug app (development variant)	2026-10-10T06:45:16.5164020Z > Task :expo:compileDebugShaders NO-SOURCE
Maestro on Android emulator (native-debug)	Build the native debug app (development variant)	2026-10-10T06:45:16.5254192Z > Task :expo:generateDebugAssets UP-TO-DATE
Maestro on Android emulator (native-debug)	Build the native debug app (development variant)	2026-10-10T06:45:16.5277525Z > Task :expo:mergeDebugAssets
Maestro on Android emulator (native-debug)	Build the native debug app (development variant)	2026-10-10T06:45:16.5334699Z > Task :expo-constants:mergeDebugShaders
Maestro on Android emulator (native-debug)	Build the native debug app (development variant)	2026-10-10T06:45:16.5414549Z > Task :expo-constants:compileDebugShaders NO-SOURCE
Maestro on Android emulator (native-debug)	Build the native debug app (development variant)	2026-10-10T06:45:16.5504761Z > Task :expo-constants:generateDebugAssets UP-TO-DATE
Maestro on Android emulator (native-debug)	Build the native debug app (development variant)	2026-10-10T06:45:16.6944205Z > Task :expo-constants:mergeDebugAssets
Maestro on Android emulator (native-debug)	Build the native debug app (development variant)	2026-10-10T06:45:16.7004252Z > Task :expo-log-box:mergeDebugShaders
Maestro on Android emulator (native-debug)	Build the native debug app (development variant)	2026-10-10T06:45:16.7105176Z > Task :expo-log-box:compileDebugShaders NO-SOURCE
Maestro on Android emulator (native-debug)	Build the native debug app (development variant)	2026-10-10T06:45:16.7133749Z > Task :expo-log-box:generateDebugAssets UP-TO-DATE
Maestro on Android emulator (native-debug)	Build the native debug app (development variant)	2026-10-10T06:45:16.7193779Z > Task :expo-log-box:mergeDebugAssets
Maestro on Android emulator (native-debug)	Build the native debug app (development variant)	2026-10-10T06:45:16.7265529Z > Task :expo-modules-core:mergeDebugShaders
Maestro on Android emulator (native-debug)	Build the native debug app (development variant)	2026-10-10T06:45:16.7280937Z > Task :expo-modules-core:compileDebugShaders NO-SOURCE
Maestro on Android emulator (native-debug)	Build the native debug app (development variant)	2026-10-10T06:45:16.7927186Z > Task :expo-modules-core:generateDebugAssets UP-TO-DATE
Maestro on Android emulator (native-debug)	Build the native debug app (development variant)	2026-10-10T06:45:16.8003692Z > Task :expo-modules-core:mergeDebugAssets
Maestro on Android emulator (native-debug)	Build the native debug app (development variant)	2026-10-10T06:45:16.8040224Z > Task :react-native-async-storage_async-storage:mergeDebugShaders
Maestro on Android emulator (native-debug)	Build the native debug app (development variant)	2026-10-10T06:45:16.8139022Z > Task :react-native-async-storage_async-storage:compileDebugShaders NO-SOURCE
Maestro on Android emulator (native-debug)	Build the native debug app (development variant)	2026-10-10T06:45:16.8184763Z > Task :react-native-async-storage_async-storage:generateDebugAssets UP-TO-DATE
Maestro on Android emulator (native-debug)	Build the native debug app (development variant)	2026-10-10T06:45:16.8213962Z > Task :react-native-async-storage_async-storage:mergeDebugAssets
Maestro on Android emulator (native-debug)	Build the native debug app (development variant)	2026-10-10T06:45:16.8214515Z > Task :react-native-screens:javaPreCompileDebug
Maestro on Android emulator (native-debug)	Build the native debug app (development variant)	2026-10-10T06:45:16.8214955Z > Task :react-native-gesture-handler:mergeDebugShaders
Maestro on Android emulator (native-debug)	Build the native debug app (development variant)	2026-10-10T06:45:16.8232506Z > Task :react-native-gesture-handler:compileDebugShaders NO-SOURCE
Maestro on Android emulator (native-debug)	Build the native debug app (development variant)	2026-10-10T06:45:16.8233049Z > Task :react-native-gesture-handler:generateDebugAssets UP-TO-DATE
Maestro on Android emulator (native-debug)	Build the native debug app (development variant)	2026-10-10T06:45:16.8233623Z > Task :react-native-gesture-handler:mergeDebugAssets
Maestro on Android emulator (native-debug)	Build the native debug app (development variant)	2026-10-10T06:45:16.8974478Z > Task :react-native-masked-view_masked-view:mergeDebugShaders
Maestro on Android emulator (native-debug)	Build the native debug app (development variant)	2026-10-10T06:45:16.9002500Z > Task :react-native-masked-view_masked-view:compileDebugShaders NO-SOURCE
Maestro on Android emulator (native-debug)	Build the native debug app (development variant)	2026-10-10T06:45:16.9034012Z > Task :react-native-masked-view_masked-view:generateDebugAssets UP-TO-DATE
Maestro on Android emulator (native-debug)	Build the native debug app (development variant)	2026-10-10T06:45:16.9084014Z > Task :react-native-masked-view_masked-view:mergeDebugAssets
Maestro on Android emulator (native-debug)	Build the native debug app (development variant)	2026-10-10T06:45:16.9117126Z > Task :react-native-reanimated:mergeDebugShaders
Maestro on Android emulator (native-debug)	Build the native debug app (development variant)	2026-10-10T06:45:16.9165765Z > Task :react-native-reanimated:compileDebugShaders NO-SOURCE
Maestro on Android emulator (native-debug)	Build the native debug app (development variant)	2026-10-10T06:45:16.9200389Z > Task :react-native-reanimated:generateDebugAssets UP-TO-DATE
Maestro on Android emulator (native-debug)	Build the native debug app (development variant)	2026-10-10T06:45:16.9254134Z > Task :react-native-reanimated:mergeDebugAssets
Maestro on Android emulator (native-debug)	Build the native debug app (development variant)	2026-10-10T06:45:16.9288451Z > Task :react-native-safe-area-context:mergeDebugShaders
Maestro on Android emulator (native-debug)	Build the native debug app (development variant)	2026-10-10T06:45:16.9294882Z > Task :react-native-safe-area-context:compileDebugShaders NO-SOURCE
Maestro on Android emulator (native-debug)	Build the native debug app (development variant)	2026-10-10T06:45:16.9384481Z > Task :react-native-safe-area-context:generateDebugAssets UP-TO-DATE
Maestro on Android emulator (native-debug)	Build the native debug app (development variant)	2026-10-10T06:45:16.9411797Z > Task :react-native-safe-area-context:mergeDebugAssets
Maestro on Android emulator (native-debug)	Build the native debug app (development variant)	2026-10-10T06:45:16.9464271Z > Task :react-native-screens:mergeDebugShaders
Maestro on Android emulator (native-debug)	Build the native debug app (development variant)	2026-10-10T06:45:16.9504009Z > Task :react-native-screens:compileDebugShaders NO-SOURCE
Maestro on Android emulator (native-debug)	Build the native debug app (development variant)	2026-10-10T06:45:16.9535689Z > Task :react-native-screens:generateDebugAssets UP-TO-DATE
Maestro on Android emulator (native-debug)	Build the native debug app (development variant)	2026-10-10T06:45:16.9594241Z > Task :react-native-screens:mergeDebugAssets
Maestro on Android emulator (native-debug)	Build the native debug app (development variant)	2026-10-10T06:45:16.9624208Z > Task :react-native-worklets:mergeDebugShaders
Maestro on Android emulator (native-debug)	Build the native debug app (development variant)	2026-10-10T06:45:16.9684364Z > Task :react-native-worklets:compileDebugShaders NO-SOURCE
Maestro on Android emulator (native-debug)	Build the native debug app (development variant)	2026-10-10T06:45:16.9689866Z > Task :react-native-worklets:generateDebugAssets UP-TO-DATE
Maestro on Android emulator (native-debug)	Build the native debug app (development variant)	2026-10-10T06:45:16.9713745Z > Task :react-native-worklets:mergeDebugAssets
Maestro on Android emulator (native-debug)	Build the native debug app (development variant)	2026-10-10T06:45:17.4974482Z > Task :app:mergeDebugAssets
Maestro on Android emulator (native-debug)	Build the native debug app (development variant)	2026-10-10T06:45:17.5044309Z > Task :app:compressDebugAssets
Maestro on Android emulator (native-debug)	Build the native debug app (development variant)	2026-10-10T06:45:17.5144400Z > Task :react-native-safe-area-context:bundleLibRuntimeToJarDebug
Maestro on Android emulator (native-debug)	Build the native debug app (development variant)	2026-10-10T06:45:17.5973671Z 
Maestro on Android emulator (native-debug)	Build the native debug app (development variant)	2026-10-10T06:45:17.6024450Z > Task :react-native-reanimated:compileDebugKotlin
Maestro on Android emulator (native-debug)	Build the native debug app (development variant)	2026-10-10T06:45:17.6084217Z w: file:///home/runner/work/react-native-starter/react-native-starter/node_modules/react-native-reanimated/android/src/main/java/com/swmansion/reanimated/NodesManager.kt:13:8 'class UIManagerModule : ReactContextBaseJavaModule, LifecycleEventListener, UIManager' is deprecated. Deprecated in Java.
Maestro on Android emulator (native-debug)	Build the native debug app (development variant)	2026-10-10T06:45:17.6214567Z w: file:///home/runner/work/react-native-starter/react-native-starter/node_modules/react-native-reanimated/android/src/main/java/com/swmansion/reanimated/NodesManager.kt:58:95 'fun resolveCustomDirectEventName(eventName: String): String?' is deprecated.
Maestro on Android emulator (native-debug)	Build the native debug app (development variant)	2026-10-10T06:45:17.6255144Z w: file:///home/runner/work/react-native-starter/react-native-starter/node_modules/react-native-reanimated/android/src/main/java/com/swmansion/reanimated/NodesManager.kt:234:29 'fun receiveEvent(surfaceId: Int, targetTag: Int, eventName: String, canCoalesceEvent: Boolean, customCoalesceKey: Int, params: WritableMap?, category: Int): Unit' is deprecated. Use the overload with eventTimestamp parameter instead.
Maestro on Android emulator (native-debug)	Build the native debug app (development variant)	2026-10-10T06:45:17.6325284Z w: file:///home/runner/work/react-native-starter/react-native-starter/node_modules/react-native-reanimated/android/src/main/java/com/swmansion/reanimated/ReanimatedPackage.kt:5:8 'class ReactInstanceManager : Any' is deprecated. Deprecated in Java.
Maestro on Android emulator (native-debug)	Build the native debug app (development variant)	2026-10-10T06:45:17.6374792Z w: file:///home/runner/work/react-native-starter/react-native-starter/node_modules/react-native-reanimated/android/src/main/java/com/swmansion/reanimated/ReanimatedPackage.kt:60:73 'class ReactInstanceManager : Any' is deprecated. Deprecated in Java.
Maestro on Android emulator (native-debug)	Build the native debug app (development variant)	2026-10-10T06:45:17.6479400Z w: file:///home/runner/work/react-native-starter/react-native-starter/node_modules/react-native-reanimated/android/src/main/java/com/swmansion/reanimated/ReanimatedPackage.kt:61:63 'val reactNativeHost: ReactNativeHost' is deprecated. You should not use ReactNativeHost directly in the New Architecture. Use ReactHost instead.
Maestro on Android emulator (native-debug)	Build the native debug app (development variant)	2026-10-10T06:45:17.6545290Z w: file:///home/runner/work/react-native-starter/react-native-starter/node_modules/react-native-reanimated/android/src/main/java/com/swmansion/reanimated/nativeProxy/EventHandler.kt:7:8 'class UIManagerModule : ReactContextBaseJavaModule, LifecycleEventListener, UIManager' is deprecated. Deprecated in Java.
Maestro on Android emulator (native-debug)	Build the native debug app (development variant)	2026-10-10T06:45:17.6637968Z w: file:///home/runner/work/react-native-starter/react-native-starter/node_modules/react-native-reanimated/android/src/main/java/com/swmansion/reanimated/nativeProxy/EventHandler.kt:25:18 This declaration overrides a deprecated member but is not marked as deprecated itself. Add the '@Deprecated' annotation or suppress the diagnostic.
Maestro on Android emulator (native-debug)	Build the native debug app (development variant)	2026-10-10T06:45:17.6649634Z w: file:///home/runner/work/react-native-starter/react-native-starter/node_modules/react-native-reanimated/android/src/main/java/com/swmansion/reanimated/nativeProxy/EventHandler.kt:38:18 This declaration overrides a deprecated member but is not marked as deprecated itself. Add the '@Deprecated' annotation or suppress the diagnostic.
Maestro on Android emulator (native-debug)	Build the native debug app (development variant)	2026-10-10T06:45:17.6760085Z w: file:///home/runner/work/react-native-starter/react-native-starter/node_modules/react-native-reanimated/android/src/main/java/com/swmansion/reanimated/nativeProxy/EventHandler.kt:48:18 This declaration overrides a deprecated member but is not marked as deprecated itself. Add the '@Deprecated' annotation or suppress the diagnostic.
Maestro on Android emulator (native-debug)	Build the native debug app (development variant)	2026-10-10T06:45:17.6774885Z w: file:///home/runner/work/react-native-starter/react-native-starter/node_modules/react-native-reanimated/android/src/main/java/com/swmansion/reanimated/nativeProxy/EventHandler.kt:57:18 This declaration overrides a deprecated member but is not marked as deprecated itself. Add the '@Deprecated' annotation or suppress the diagnostic.
Maestro on Android emulator (native-debug)	Build the native debug app (development variant)	2026-10-10T06:45:17.6855570Z w: file:///home/runner/work/react-native-starter/react-native-starter/node_modules/react-native-reanimated/android/src/main/java/com/swmansion/reanimated/nativeProxy/NoopEventHandler.kt:8:18 This declaration overrides a deprecated member but is not marked as deprecated itself. Add the '@Deprecated' annotation or suppress the diagnostic.
Maestro on Android emulator (native-debug)	Build the native debug app (development variant)	2026-10-10T06:45:17.6942479Z w: file:///home/runner/work/react-native-starter/react-native-starter/node_modules/react-native-reanimated/android/src/main/java/com/swmansion/reanimated/nativeProxy/NoopEventHandler.kt:20:18 This declaration overrides a deprecated member but is not marked as deprecated itself. Add the '@Deprecated' annotation or suppress the diagnostic.
Maestro on Android emulator (native-debug)	Build the native debug app (development variant)	2026-10-10T06:45:17.7005331Z w: file:///home/runner/work/react-native-starter/react-native-starter/node_modules/react-native-reanimated/android/src/main/java/com/swmansion/reanimated/nativeProxy/NoopEventHandler.kt:29:18 This declaration overrides a deprecated member but is not marked as deprecated itself. Add the '@Deprecated' annotation or suppress the diagnostic.
Maestro on Android emulator (native-debug)	Build the native debug app (development variant)	2026-10-10T06:45:17.7087261Z w: file:///home/runner/work/react-native-starter/react-native-starter/node_modules/react-native-reanimated/android/src/main/java/com/swmansion/reanimated/nativeProxy/NoopEventHandler.kt:37:18 This declaration overrides a deprecated member but is not marked as deprecated itself. Add the '@Deprecated' annotation or suppress the diagnostic.
Maestro on Android emulator (native-debug)	Build the native debug app (development variant)	2026-10-10T06:45:17.7134908Z w: file:///home/runner/work/react-native-starter/react-native-starter/node_modules/react-native-reanimated/android/src/main/java/com/swmansion/reanimated/sensor/ReanimatedSensor.kt:28:26 'val defaultDisplay: Display!' is deprecated. Deprecated in Java.
Maestro on Android emulator (native-debug)	Build the native debug app (development variant)	2026-10-10T06:45:18.6943806Z 
Maestro on Android emulator (native-debug)	Build the native debug app (development variant)	2026-10-10T06:45:18.6972995Z > Task :react-native-reanimated:compileDebugJavaWithJavac
Maestro on Android emulator (native-debug)	Build the native debug app (development variant)	2026-10-10T06:45:18.6974157Z > Task :react-native-reanimated:bundleLibCompileToJarDebug
Maestro on Android emulator (native-debug)	Build the native debug app (development variant)	2026-10-10T06:45:20.3944375Z > Task :react-native-reanimated:bundleLibRuntimeToJarDebug
Maestro on Android emulator (native-debug)	Build the native debug app (development variant)	2026-10-10T06:45:21.6934298Z > Task :react-native-worklets:bundleLibRuntimeToJarDebug
Maestro on Android emulator (native-debug)	Build the native debug app (development variant)	2026-10-10T06:45:21.8954296Z > Task :react-native-async-storage_async-storage:bundleLibRuntimeToJarDebug
Maestro on Android emulator (native-debug)	Build the native debug app (development variant)	2026-10-10T06:45:22.3954794Z > Task :react-native-masked-view_masked-view:bundleLibRuntimeToJarDebug
Maestro on Android emulator (native-debug)	Build the native debug app (development variant)	2026-10-10T06:45:22.4964398Z > Task :app:desugarDebugFileDependencies
Maestro on Android emulator (native-debug)	Build the native debug app (development variant)	2026-10-10T06:45:22.5024532Z > Task :react-native-async-storage_async-storage:processDebugJavaRes NO-SOURCE
Maestro on Android emulator (native-debug)	Build the native debug app (development variant)	2026-10-10T06:45:22.5084346Z > Task :react-native-masked-view_masked-view:processDebugJavaRes NO-SOURCE
Maestro on Android emulator (native-debug)	Build the native debug app (development variant)	2026-10-10T06:45:22.5114087Z > Task :react-native-reanimated:processDebugJavaRes
Maestro on Android emulator (native-debug)	Build the native debug app (development variant)	2026-10-10T06:45:22.5174277Z > Task :react-native-safe-area-context:processDebugJavaRes
Maestro on Android emulator (native-debug)	Build the native debug app (development variant)	2026-10-10T06:45:22.5203993Z > Task :react-native-worklets:processDebugJavaRes
Maestro on Android emulator (native-debug)	Build the native debug app (development variant)	2026-10-10T06:45:25.9934256Z > Task :app:checkDebugDuplicateClasses
Maestro on Android emulator (native-debug)	Build the native debug app (development variant)	2026-10-10T06:45:29.2973611Z 
Maestro on Android emulator (native-debug)	Build the native debug app (development variant)	2026-10-10T06:45:29.3004284Z > Task :react-native-gesture-handler:compileDebugKotlin
Maestro on Android emulator (native-debug)	Build the native debug app (development variant)	2026-10-10T06:45:29.3064815Z w: file:///home/runner/work/react-native-starter/react-native-starter/node_modules/react-native-gesture-handler/android/src/main/java/com/swmansion/gesturehandler/react/Extensions.kt:8:8 'class UIManagerModule : ReactContextBaseJavaModule, LifecycleEventListener, UIManager' is deprecated. Deprecated in Java.
Maestro on Android emulator (native-debug)	Build the native debug app (development variant)	2026-10-10T06:45:29.3067198Z w: file:///home/runner/work/react-native-starter/react-native-starter/node_modules/react-native-gesture-handler/android/src/main/java/com/swmansion/gesturehandler/react/Extensions.kt:13:29 'class UIManagerModule : ReactContextBaseJavaModule, LifecycleEventListener, UIManager' is deprecated. Deprecated in Java.
Maestro on Android emulator (native-debug)	Build the native debug app (development variant)	2026-10-10T06:45:29.3154742Z w: file:///home/runner/work/react-native-starter/react-native-starter/node_modules/react-native-gesture-handler/android/src/main/java/com/swmansion/gesturehandler/react/Extensions.kt:14:32 'class UIManagerModule : ReactContextBaseJavaModule, LifecycleEventListener, UIManager' is deprecated. Deprecated in Java.
Maestro on Android emulator (native-debug)	Build the native debug app (development variant)	2026-10-10T06:45:41.5947803Z 
Maestro on Android emulator (native-debug)	Build the native debug app (development variant)	2026-10-10T06:45:41.5984394Z > Task :expo-modules-core:compileDebugKotlin
Maestro on Android emulator (native-debug)	Build the native debug app (development variant)	2026-10-10T06:45:45.3955562Z > Task :react-native-screens:compileDebugKotlin
Maestro on Android emulator (native-debug)	Build the native debug app (development variant)	2026-10-10T06:45:46.7966299Z w: file:///home/runner/work/react-native-starter/react-native-starter/node_modules/react-native-screens/android/src/main/java/com/swmansion/rnscreens/RNScreensPackage.kt:70:9 The corresponding parameter in the supertype 'BaseReactPackage' is named 'name'. This may cause problems when calling this function with named arguments.
Maestro on Android emulator (native-debug)	Build the native debug app (development variant)	2026-10-10T06:45:46.8004658Z w: file:///home/runner/work/react-native-starter/react-native-starter/node_modules/react-native-screens/android/src/main/java/com/swmansion/rnscreens/RNScreensPackage.kt:71:9 The corresponding parameter in the supertype 'BaseReactPackage' is named 'reactContext'. This may cause problems when calling this function with named arguments.
Maestro on Android emulator (native-debug)	Build the native debug app (development variant)	2026-10-10T06:45:46.8057463Z w: file:///home/runner/work/react-native-starter/react-native-starter/node_modules/react-native-screens/android/src/main/java/com/swmansion/rnscreens/RNScreensPackage.kt:83:17 'constructor(name: String, className: String, canOverrideExistingModule: Boolean, needsEagerInit: Boolean, hasConstants: Boolean, isCxxModule: Boolean, isTurboModule: Boolean): ReactModuleInfo' is deprecated. This constructor is deprecated and will be removed in the future. Use ReactModuleInfo(String, String, boolean, boolean, boolean, boolean)].
Maestro on Android emulator (native-debug)	Build the native debug app (development variant)	2026-10-10T06:45:46.8114755Z w: file:///home/runner/work/react-native-starter/react-native-starter/node_modules/react-native-screens/android/src/main/java/com/swmansion/rnscreens/Screen.kt:54:77 Unchecked cast of '(CoordinatorLayout.Behavior<View!>?..CoordinatorLayout.Behavior<*>?)' to 'BottomSheetBehavior<Screen>'.
Maestro on Android emulator (native-debug)	Build the native debug app (development variant)	2026-10-10T06:45:46.8174706Z w: file:///home/runner/work/react-native-starter/react-native-starter/node_modules/react-native-screens/android/src/main/java/com/swmansion/rnscreens/Screen.kt:59:33 'fun getEventDispatcherForReactTag(context: ReactContext, reactTag: Int): EventDispatcher?' is deprecated. reactTag is no longer needed.
Maestro on Android emulator (native-debug)	Build the native debug app (development variant)	2026-10-10T06:45:46.8214795Z w: file:///home/runner/work/react-native-starter/react-native-starter/node_modules/react-native-screens/android/src/main/java/com/swmansion/rnscreens/Screen.kt:516:14 'fun getEventDispatcherForReactTag(context: ReactContext, reactTag: Int): EventDispatcher?' is deprecated. reactTag is no longer needed.
Maestro on Android emulator (native-debug)	Build the native debug app (development variant)	2026-10-10T06:45:46.8304997Z w: file:///home/runner/work/react-native-starter/react-native-starter/node_modules/react-native-screens/android/src/main/java/com/swmansion/rnscreens/ScreenContainer.kt:250:18 'fun getEventDispatcherForReactTag(context: ReactContext, reactTag: Int): EventDispatcher?' is deprecated. reactTag is no longer needed.
Maestro on Android emulator (native-debug)	Build the native debug app (development variant)	2026-10-10T06:45:46.8334921Z w: file:///home/runner/work/react-native-starter/react-native-starter/node_modules/react-native-screens/android/src/main/java/com/swmansion/rnscreens/ScreenContainer.kt:260:18 'fun getEventDispatcherForReactTag(context: ReactContext, reactTag: Int): EventDispatcher?' is deprecated. reactTag is no longer needed.
Maestro on Android emulator (native-debug)	Build the native debug app (development variant)	2026-10-10T06:45:46.8394776Z w: file:///home/runner/work/react-native-starter/react-native-starter/node_modules/react-native-screens/android/src/main/java/com/swmansion/rnscreens/ScreenFragment.kt:225:37 'fun getEventDispatcherForReactTag(context: ReactContext, reactTag: Int): EventDispatcher?' is deprecated. reactTag is no longer needed.
Maestro on Android emulator (native-debug)	Build the native debug app (development variant)	2026-10-10T06:45:46.8464948Z w: file:///home/runner/work/react-native-starter/react-native-starter/node_modules/react-native-screens/android/src/main/java/com/swmansion/rnscreens/ScreenFragment.kt:242:14 'fun getEventDispatcherForReactTag(context: ReactContext, reactTag: Int): EventDispatcher?' is deprecated. reactTag is no longer needed.
Maestro on Android emulator (native-debug)	Build the native debug app (development variant)	2026-10-10T06:45:46.8484568Z w: file:///home/runner/work/react-native-starter/react-native-starter/node_modules/react-native-screens/android/src/main/java/com/swmansion/rnscreens/ScreenFragment.kt:258:22 'fun getEventDispatcherForReactTag(context: ReactContext, reactTag: Int): EventDispatcher?' is deprecated. reactTag is no longer needed.
Maestro on Android emulator (native-debug)	Build the native debug app (development variant)	2026-10-10T06:45:46.8505282Z w: file:///home/runner/work/react-native-starter/react-native-starter/node_modules/react-native-screens/android/src/main/java/com/swmansion/rnscreens/ScreenFragment.kt:327:22 'fun getEventDispatcherForReactTag(context: ReactContext, reactTag: Int): EventDispatcher?' is deprecated. reactTag is no longer needed.
Maestro on Android emulator (native-debug)	Build the native debug app (development variant)	2026-10-10T06:45:46.8575956Z w: file:///home/runner/work/react-native-starter/react-native-starter/node_modules/react-native-screens/android/src/main/java/com/swmansion/rnscreens/ScreenModalFragment.kt:180:22 'fun getEventDispatcherForReactTag(context: ReactContext, reactTag: Int): EventDispatcher?' is deprecated. reactTag is no longer needed.
Maestro on Android emulator (native-debug)	Build the native debug app (development variant)	2026-10-10T06:45:46.8625837Z w: file:///home/runner/work/react-native-starter/react-native-starter/node_modules/react-native-screens/android/src/main/java/com/swmansion/rnscreens/ScreenStack.kt:120:14 'fun getEventDispatcherForReactTag(context: ReactContext, reactTag: Int): EventDispatcher?' is deprecated. reactTag is no longer needed.
Maestro on Android emulator (native-debug)	Build the native debug app (development variant)	2026-10-10T06:45:46.8674787Z w: file:///home/runner/work/react-native-starter/react-native-starter/node_modules/react-native-screens/android/src/main/java/com/swmansion/rnscreens/ScreenStackFragment.kt:173:18 'fun getEventDispatcherForReactTag(context: ReactContext, reactTag: Int): EventDispatcher?' is deprecated. reactTag is no longer needed.
Maestro on Android emulator (native-debug)	Build the native debug app (development variant)	2026-10-10T06:45:46.8684659Z w: file:///home/runner/work/react-native-starter/react-native-starter/node_modules/react-native-screens/android/src/main/java/com/swmansion/rnscreens/ScreenStackFragment.kt:230:31 'var targetElevation: Float' is deprecated. Deprecated in Java.
Maestro on Android emulator (native-debug)	Build the native debug app (development variant)	2026-10-10T06:45:46.8686554Z w: file:///home/runner/work/react-native-starter/react-native-starter/node_modules/react-native-screens/android/src/main/java/com/swmansion/rnscreens/ScreenStackFragment.kt:233:13 'fun setHasOptionsMenu(p0: Boolean): Unit' is deprecated. Deprecated in Java.
Maestro on Android emulator (native-debug)	Build the native debug app (development variant)	2026-10-10T06:45:46.8734787Z w: file:///home/runner/work/react-native-starter/react-native-starter/node_modules/react-native-screens/android/src/main/java/com/swmansion/rnscreens/ScreenStackFragment.kt:443:18 This declaration overrides a deprecated member but is not marked as deprecated itself. Add the '@Deprecated' annotation or suppress the diagnostic.
Maestro on Android emulator (native-debug)	Build the native debug app (development variant)	2026-10-10T06:45:46.8754794Z w: file:///home/runner/work/react-native-starter/react-native-starter/node_modules/react-native-screens/android/src/main/java/com/swmansion/rnscreens/ScreenStackFragment.kt:450:22 'fun onPrepareOptionsMenu(p0: Menu): Unit' is deprecated. Deprecated in Java.
Maestro on Android emulator (native-debug)	Build the native debug app (development variant)	2026-10-10T06:45:46.8814964Z w: file:///home/runner/work/react-native-starter/react-native-starter/node_modules/react-native-screens/android/src/main/java/com/swmansion/rnscreens/ScreenStackFragment.kt:453:18 This declaration overrides a deprecated member but is not marked as deprecated itself. Add the '@Deprecated' annotation or suppress the diagnostic.
Maestro on Android emulator (native-debug)	Build the native debug app (development variant)	2026-10-10T06:45:46.8884619Z w: file:///home/runner/work/react-native-starter/react-native-starter/node_modules/react-native-screens/android/src/main/java/com/swmansion/rnscreens/ScreenStackFragment.kt:458:22 'fun onCreateOptionsMenu(p0: Menu, p1: MenuInflater): Unit' is deprecated. Deprecated in Java.
Maestro on Android emulator (native-debug)	Build the native debug app (development variant)	2026-10-10T06:45:46.8944795Z w: file:///home/runner/work/react-native-starter/react-native-starter/node_modules/react-native-screens/android/src/main/java/com/swmansion/rnscreens/ScreenStackHeaderConfig.kt:199:14 'fun getEventDispatcherForReactTag(context: ReactContext, reactTag: Int): EventDispatcher?' is deprecated. reactTag is no longer needed.
Maestro on Android emulator (native-debug)	Build the native debug app (development variant)	2026-10-10T06:45:46.8994805Z w: file:///home/runner/work/react-native-starter/react-native-starter/node_modules/react-native-screens/android/src/main/java/com/swmansion/rnscreens/ScreenStackHeaderConfig.kt:209:14 'fun getEventDispatcherForReactTag(context: ReactContext, reactTag: Int): EventDispatcher?' is deprecated. reactTag is no longer needed.
Maestro on Android emulator (native-debug)	Build the native debug app (development variant)	2026-10-10T06:45:46.9054723Z w: file:///home/runner/work/react-native-starter/react-native-starter/node_modules/react-native-screens/android/src/main/java/com/swmansion/rnscreens/ScreenWindowTraits.kt:48:42 'fun replaceSystemWindowInsets(p0: Int, p1: Int, p2: Int, p3: Int): @NonNull() WindowInsetsCompat' is deprecated. Deprecated in Java.
Maestro on Android emulator (native-debug)	Build the native debug app (development variant)	2026-10-10T06:45:46.9080650Z w: file:///home/runner/work/react-native-starter/react-native-starter/node_modules/react-native-screens/android/src/main/java/com/swmansion/rnscreens/ScreenWindowTraits.kt:49:39 'val systemWindowInsetLeft: Int' is deprecated. Deprecated in Java.
Maestro on Android emulator (native-debug)	Build the native debug app (development variant)	2026-10-10T06:45:46.9114501Z w: file:///home/runner/work/react-native-starter/react-native-starter/node_modules/react-native-screens/android/src/main/java/com/swmansion/rnscreens/ScreenWindowTraits.kt:51:39 'val systemWindowInsetRight: Int' is deprecated. Deprecated in Java.
Maestro on Android emulator (native-debug)	Build the native debug app (development variant)	2026-10-10T06:45:46.9144371Z w: file:///home/runner/work/react-native-starter/react-native-starter/node_modules/react-native-screens/android/src/main/java/com/swmansion/rnscreens/ScreenWindowTraits.kt:52:39 'val systemWindowInsetBottom: Int' is deprecated. Deprecated in Java.
Maestro on Android emulator (native-debug)	Build the native debug app (development variant)	2026-10-10T06:45:46.9218318Z w: file:///home/runner/work/react-native-starter/react-native-starter/node_modules/react-native-screens/android/src/main/java/com/swmansion/rnscreens/ScreensModule.kt:100:14 'fun getEventDispatcherForReactTag(context: ReactContext, reactTag: Int): EventDispatcher?' is deprecated. reactTag is no longer needed.
Maestro on Android emulator (native-debug)	Build the native debug app (development variant)	2026-10-10T06:45:46.9264689Z w: file:///home/runner/work/react-native-starter/react-native-starter/node_modules/react-native-screens/android/src/main/java/com/swmansion/rnscreens/SearchBarView.kt:137:29 'fun getEventDispatcherForReactTag(context: ReactContext, reactTag: Int): EventDispatcher?' is deprecated. reactTag is no longer needed.
Maestro on Android emulator (native-debug)	Build the native debug app (development variant)	2026-10-10T06:45:46.9285498Z w: file:///home/runner/work/react-native-starter/react-native-starter/node_modules/react-native-screens/android/src/main/java/com/swmansion/rnscreens/bottomsheet/BottomSheetDialogRootView.kt:7:8 'object ReactFeatureFlags : Any' is deprecated. Use com.facebook.react.internal.featureflags.ReactNativeFeatureFlags instead.
Maestro on Android emulator (native-debug)	Build the native debug app (development variant)	2026-10-10T06:45:46.9354826Z w: file:///home/runner/work/react-native-starter/react-native-starter/node_modules/react-native-screens/android/src/main/java/com/swmansion/rnscreens/bottomsheet/BottomSheetDialogRootView.kt:25:13 'object ReactFeatureFlags : Any' is deprecated. Use com.facebook.react.internal.featureflags.ReactNativeFeatureFlags instead.
Maestro on Android emulator (native-debug)	Build the native debug app (development variant)	2026-10-10T06:45:46.9384770Z w: file:///home/runner/work/react-native-starter/react-native-starter/node_modules/react-native-screens/android/src/main/java/com/swmansion/rnscreens/bottomsheet/BottomSheetDialogRootView.kt:32:9 The corresponding parameter in the supertype 'ReactViewGroup' is named 'left'. This may cause problems when calling this function with named arguments.
Maestro on Android emulator (native-debug)	Build the native debug app (development variant)	2026-10-10T06:45:46.9444774Z w: file:///home/runner/work/react-native-starter/react-native-starter/node_modules/react-native-screens/android/src/main/java/com/swmansion/rnscreens/bottomsheet/BottomSheetDialogRootView.kt:33:9 The corresponding parameter in the supertype 'ReactViewGroup' is named 'top'. This may cause problems when calling this function with named arguments.
Maestro on Android emulator (native-debug)	Build the native debug app (development variant)	2026-10-10T06:45:46.9504829Z w: file:///home/runner/work/react-native-starter/react-native-starter/node_modules/react-native-screens/android/src/main/java/com/swmansion/rnscreens/bottomsheet/BottomSheetDialogRootView.kt:34:9 The corresponding parameter in the supertype 'ReactViewGroup' is named 'right'. This may cause problems when calling this function with named arguments.
Maestro on Android emulator (native-debug)	Build the native debug app (development variant)	2026-10-10T06:45:46.9535002Z w: file:///home/runner/work/react-native-starter/react-native-starter/node_modules/react-native-screens/android/src/main/java/com/swmansion/rnscreens/bottomsheet/BottomSheetDialogRootView.kt:35:9 The corresponding parameter in the supertype 'ReactViewGroup' is named 'bottom'. This may cause problems when calling this function with named arguments.
Maestro on Android emulator (native-debug)	Build the native debug app (development variant)	2026-10-10T06:45:46.9537631Z w: file:///home/runner/work/react-native-starter/react-native-starter/node_modules/react-native-screens/android/src/main/java/com/swmansion/rnscreens/bottomsheet/BottomSheetDialogRootView.kt:71:9 The corresponding parameter in the supertype 'RootView' is named 'childView'. This may cause problems when calling this function with named arguments.
Maestro on Android emulator (native-debug)	Build the native debug app (development variant)	2026-10-10T06:45:46.9540173Z w: file:///home/runner/work/react-native-starter/react-native-starter/node_modules/react-native-screens/android/src/main/java/com/swmansion/rnscreens/bottomsheet/BottomSheetDialogRootView.kt:72:9 The corresponding parameter in the supertype 'RootView' is named 'ev'. This may cause problems when calling this function with named arguments.
Maestro on Android emulator (native-debug)	Build the native debug app (development variant)	2026-10-10T06:45:46.9543317Z w: file:///home/runner/work/react-native-starter/react-native-starter/node_modules/react-native-screens/android/src/main/java/com/swmansion/rnscreens/bottomsheet/BottomSheetDialogRootView.kt:79:46 The corresponding parameter in the supertype 'RootView' is named 'ev'. This may cause problems when calling this function with named arguments.
Maestro on Android emulator (native-debug)	Build the native debug app (development variant)	2026-10-10T06:45:46.9545847Z w: file:///home/runner/work/react-native-starter/react-native-starter/node_modules/react-native-screens/android/src/main/java/com/swmansion/rnscreens/bottomsheet/BottomSheetDialogRootView.kt:83:9 The corresponding parameter in the supertype 'RootView' is named 'childView'. This may cause problems when calling this function with named arguments.
Maestro on Android emulator (native-debug)	Build the native debug app (development variant)	2026-10-10T06:45:46.9594853Z w: file:///home/runner/work/react-native-starter/react-native-starter/node_modules/react-native-screens/android/src/main/java/com/swmansion/rnscreens/bottomsheet/BottomSheetDialogRootView.kt:84:9 The corresponding parameter in the supertype 'RootView' is named 'ev'. This may cause problems when calling this function with named arguments.
Maestro on Android emulator (native-debug)	Build the native debug app (development variant)	2026-10-10T06:45:46.9624707Z w: file:///home/runner/work/react-native-starter/react-native-starter/node_modules/react-native-screens/android/src/main/java/com/swmansion/rnscreens/bottomsheet/BottomSheetDialogRootView.kt:95:34 The corresponding parameter in the supertype 'RootView' is named 't'. This may cause problems when calling this function with named arguments.
Maestro on Android emulator (native-debug)	Build the native debug app (development variant)	2026-10-10T06:45:46.9685107Z w: file:///home/runner/work/react-native-starter/react-native-starter/node_modules/react-native-screens/android/src/main/java/com/swmansion/rnscreens/bottomsheet/DimmingView.kt:64:9 The corresponding parameter in the supertype 'ReactCompoundView' is named 'touchX'. This may cause problems when calling this function with named arguments.
Maestro on Android emulator (native-debug)	Build the native debug app (development variant)	2026-10-10T06:45:46.9715541Z w: file:///home/runner/work/react-native-starter/react-native-starter/node_modules/react-native-screens/android/src/main/java/com/swmansion/rnscreens/bottomsheet/DimmingView.kt:65:9 The corresponding parameter in the supertype 'ReactCompoundView' is named 'touchY'. This may cause problems when calling this function with named arguments.
Maestro on Android emulator (native-debug)	Build the native debug app (development variant)	2026-10-10T06:45:46.9805010Z w: file:///home/runner/work/react-native-starter/react-native-starter/node_modules/react-native-screens/android/src/main/java/com/swmansion/rnscreens/bottomsheet/DimmingView.kt:69:9 The corresponding parameter in the supertype 'ReactCompoundViewGroup' is named 'touchX'. This may cause problems when calling this function with named arguments.
Maestro on Android emulator (native-debug)	Build the native debug app (development variant)	2026-10-10T06:45:46.9834806Z w: file:///home/runner/work/react-native-starter/react-native-starter/node_modules/react-native-screens/android/src/main/java/com/swmansion/rnscreens/bottomsheet/DimmingView.kt:70:9 The corresponding parameter in the supertype 'ReactCompoundViewGroup' is named 'touchY'. This may cause problems when calling this function with named arguments.
Maestro on Android emulator (native-debug)	Build the native debug app (development variant)	2026-10-10T06:45:46.9865066Z w: file:///home/runner/work/react-native-starter/react-native-starter/node_modules/react-native-screens/android/src/main/java/com/swmansion/rnscreens/gamma/common/event/BaseEventEmitter.kt:12:38 'fun getEventDispatcherForReactTag(context: ReactContext, reactTag: Int): EventDispatcher?' is deprecated. reactTag is no longer needed.
Maestro on Android emulator (native-debug)	Build the native debug app (development variant)	2026-10-10T06:45:46.9914998Z w: file:///home/runner/work/react-native-starter/react-native-starter/node_modules/react-native-screens/android/src/main/java/com/swmansion/rnscreens/gamma/modals/dimmingview/DimmingView.kt:64:9 The corresponding parameter in the supertype 'ReactCompoundView' is named 'touchX'. This may cause problems when calling this function with named arguments.
Maestro on Android emulator (native-debug)	Build the native debug app (development variant)	2026-10-10T06:45:46.9984945Z w: file:///home/runner/work/react-native-starter/react-native-starter/node_modules/react-native-screens/android/src/main/java/com/swmansion/rnscreens/gamma/modals/dimmingview/DimmingView.kt:65:9 The corresponding parameter in the supertype 'ReactCompoundView' is named 'touchY'. This may cause problems when calling this function with named arguments.
Maestro on Android emulator (native-debug)	Build the native debug app (development variant)	2026-10-10T06:45:47.0014947Z w: file:///home/runner/work/react-native-starter/react-native-starter/node_modules/react-native-screens/android/src/main/java/com/swmansion/rnscreens/gamma/modals/dimmingview/DimmingView.kt:69:9 The corresponding parameter in the supertype 'ReactCompoundViewGroup' is named 'touchX'. This may cause problems when calling this function with named arguments.
Maestro on Android emulator (native-debug)	Build the native debug app (development variant)	2026-10-10T06:45:47.0074904Z w: file:///home/runner/work/react-native-starter/react-native-starter/node_modules/react-native-screens/android/src/main/java/com/swmansion/rnscreens/gamma/modals/dimmingview/DimmingView.kt:70:9 The corresponding parameter in the supertype 'ReactCompoundViewGroup' is named 'touchY'. This may cause problems when calling this function with named arguments.
Maestro on Android emulator (native-debug)	Build the native debug app (development variant)	2026-10-10T06:45:47.0104797Z w: file:///home/runner/work/react-native-starter/react-native-starter/node_modules/react-native-screens/android/src/main/java/com/swmansion/rnscreens/gamma/modals/formsheet/FormSheetContentView.kt:11:8 'object ReactFeatureFlags : Any' is deprecated. Use com.facebook.react.internal.featureflags.ReactNativeFeatureFlags instead.
Maestro on Android emulator (native-debug)	Build the native debug app (development variant)	2026-10-10T06:45:47.0164822Z w: file:///home/runner/work/react-native-starter/react-native-starter/node_modules/react-native-screens/android/src/main/java/com/swmansion/rnscreens/gamma/modals/formsheet/FormSheetContentView.kt:39:33 'fun getEventDispatcher(context: ReactContext, uiManagerType: Int): EventDispatcher?' is deprecated. UIManagerType is no longer needed.
Maestro on Android emulator (native-debug)	Build the native debug app (development variant)	2026-10-10T06:45:47.0254987Z w: file:///home/runner/work/react-native-starter/react-native-starter/node_modules/react-native-screens/android/src/main/java/com/swmansion/rnscreens/gamma/modals/formsheet/FormSheetContentView.kt:44:13 'object ReactFeatureFlags : Any' is deprecated. Use com.facebook.react.internal.featureflags.ReactNativeFeatureFlags instead.
Maestro on Android emulator (native-debug)	Build the native debug app (development variant)	2026-10-10T06:45:47.0314971Z w: file:///home/runner/work/react-native-starter/react-native-starter/node_modules/react-native-screens/android/src/main/java/com/swmansion/rnscreens/gamma/modals/formsheet/FormSheetHostViewManager.kt:38:9 The corresponding parameter in the supertype 'FormSheetHostViewManager' is named 'view'. This may cause problems when calling this function with named arguments.
Maestro on Android emulator (native-debug)	Build the native debug app (development variant)	2026-10-10T06:45:47.0336702Z w: file:///home/runner/work/react-native-starter/react-native-starter/node_modules/react-native-screens/android/src/main/java/com/swmansion/rnscreens/gamma/tabs/host/TabsHostViewManager.kt:44:9 The corresponding parameter in the supertype 'TabsHostViewManager' is named 'view'. This may cause problems when calling this function with named arguments.
Maestro on Android emulator (native-debug)	Build the native debug app (development variant)	2026-10-10T06:45:47.0404602Z w: file:///home/runner/work/react-native-starter/react-native-starter/node_modules/react-native-screens/android/src/main/java/com/swmansion/rnscreens/safearea/SafeAreaView.kt:143:45 'fun consumeDisplayCutout(): @NonNull() WindowInsetsCompat' is deprecated. Deprecated in Java.
Maestro on Android emulator (native-debug)	Build the native debug app (development variant)	2026-10-10T06:45:52.7973697Z 
Maestro on Android emulator (native-debug)	Build the native debug app (development variant)	2026-10-10T06:45:52.8034874Z > Task :expo-modules-core:compileDebugKotlin
Maestro on Android emulator (native-debug)	Build the native debug app (development variant)	2026-10-10T06:45:52.8124704Z w: file:///home/runner/work/react-native-starter/react-native-starter/node_modules/expo-modules-core/android/src/main/java/expo/modules/apploader/AppLoaderProvider.kt:34:52 Unchecked cast of 'Class<*>!' to 'Class<out HeadlessAppLoader>'.
Maestro on Android emulator (native-debug)	Build the native debug app (development variant)	2026-10-10T06:45:52.8187345Z w: file:///home/runner/work/react-native-starter/react-native-starter/node_modules/expo-modules-core/android/src/main/java/expo/modules/kotlin/AppContext.kt:14:8 'class UIManagerModule : ReactContextBaseJavaModule, LifecycleEventListener, UIManager' is deprecated. Deprecated in Java.
Maestro on Android emulator (native-debug)	Build the native debug app (development variant)	2026-10-10T06:45:52.8304625Z w: file:///home/runner/work/react-native-starter/react-native-starter/node_modules/expo-modules-core/android/src/main/java/expo/modules/kotlin/AppContext.kt:22:8 'typealias ErrorManagerModule = JSLoggerModule' is deprecated. Use JSLoggerModule instead.
Maestro on Android emulator (native-debug)	Build the native debug app (development variant)	2026-10-10T06:45:52.8384854Z w: file:///home/runner/work/react-native-starter/react-native-starter/node_modules/expo-modules-core/android/src/main/java/expo/modules/kotlin/AppContext.kt:61:13 'val hostingRuntimeContext: MainRuntime' is deprecated. Use AppContext.runtimeContext instead.
Maestro on Android emulator (native-debug)	Build the native debug app (development variant)	2026-10-10T06:45:52.8444521Z w: file:///home/runner/work/react-native-starter/react-native-starter/node_modules/expo-modules-core/android/src/main/java/expo/modules/kotlin/AppContext.kt:271:21 'typealias ErrorManagerModule = JSLoggerModule' is deprecated. Use JSLoggerModule instead.
Maestro on Android emulator (native-debug)	Build the native debug app (development variant)	2026-10-10T06:45:52.8474844Z w: file:///home/runner/work/react-native-starter/react-native-starter/node_modules/expo-modules-core/android/src/main/java/expo/modules/kotlin/AppContext.kt:380:21 'val DEFAULT: Int' is deprecated. UIManagerType.DEFAULT will be deleted in the next release of React Native. Use [LEGACY] instead.
Maestro on Android emulator (native-debug)	Build the native debug app (development variant)	2026-10-10T06:45:52.8525486Z w: file:///home/runner/work/react-native-starter/react-native-starter/node_modules/expo-modules-core/android/src/main/java/expo/modules/kotlin/AppContext.kt:381:10 'class UIManagerModule : ReactContextBaseJavaModule, LifecycleEventListener, UIManager' is deprecated. Deprecated in Java.
Maestro on Android emulator (native-debug)	Build the native debug app (development variant)	2026-10-10T06:45:52.8587039Z w: file:///home/runner/work/react-native-starter/react-native-starter/node_modules/expo-modules-core/android/src/main/java/expo/modules/kotlin/defaultmodules/NativeModulesProxyModule.kt:16:5 'fun Constants(legacyConstantsProvider: () -> Map<String, Any?>): Unit' is deprecated. Use `Constant` or `Property` instead.
Maestro on Android emulator (native-debug)	Build the native debug app (development variant)	2026-10-10T06:45:52.8615059Z w: file:///home/runner/work/react-native-starter/react-native-starter/node_modules/expo-modules-core/android/src/main/java/expo/modules/kotlin/events/KModuleEventEmitterWrapper.kt:99:21 'fun getEventDispatcherForReactTag(context: ReactContext, reactTag: Int): EventDispatcher?' is deprecated. reactTag is no longer needed.
Maestro on Android emulator (native-debug)	Build the native debug app (development variant)	2026-10-10T06:45:52.8644969Z w: file:///home/runner/work/react-native-starter/react-native-starter/node_modules/expo-modules-core/android/src/main/java/expo/modules/kotlin/events/KModuleEventEmitterWrapper.kt:108:21 'fun getEventDispatcherForReactTag(context: ReactContext, reactTag: Int): EventDispatcher?' is deprecated. reactTag is no longer needed.
Maestro on Android emulator (native-debug)	Build the native debug app (development variant)	2026-10-10T06:45:52.8695127Z w: file:///home/runner/work/react-native-starter/react-native-starter/node_modules/expo-modules-core/android/src/main/java/expo/modules/kotlin/views/ViewDefinitionBuilder.kt:470:16 'val errorManager: JSLoggerModule?' is deprecated. Use AppContext.jsLogger instead.
Maestro on Android emulator (native-debug)	Build the native debug app (development variant)	2026-10-10T06:45:52.8727965Z w: file:///home/runner/work/react-native-starter/react-native-starter/node_modules/expo-modules-core/android/src/main/java/expo/modules/kotlin/views/ViewDefinitionBuilder.kt:470:30 'fun reportExceptionToLogBox(codedException: CodedException): Unit' is deprecated. Use appContext.jsLogger.error(...) instead.
Maestro on Android emulator (native-debug)	Build the native debug app (development variant)	2026-10-10T06:45:52.8764584Z w: file:///home/runner/work/react-native-starter/react-native-starter/node_modules/expo-modules-core/android/src/main/java/expo/modules/kotlin/views/ViewManagerDefinition.kt:41:16 'val errorManager: JSLoggerModule?' is deprecated. Use AppContext.jsLogger instead.
Maestro on Android emulator (native-debug)	Build the native debug app (development variant)	2026-10-10T06:45:52.8836628Z w: file:///home/runner/work/react-native-starter/react-native-starter/node_modules/expo-modules-core/android/src/main/java/expo/modules/kotlin/views/ViewManagerDefinition.kt:41:30 'fun reportExceptionToLogBox(codedException: CodedException): Unit' is deprecated. Use appContext.jsLogger.error(...) instead.
Maestro on Android emulator (native-debug)	Build the native debug app (development variant)	2026-10-10T06:45:55.9943818Z 
Maestro on Android emulator (native-debug)	Build the native debug app (development variant)	2026-10-10T06:45:56.0004267Z > Task :app:mergeExtDexDebug
Maestro on Android emulator (native-debug)	Build the native debug app (development variant)	2026-10-10T06:46:15.3954667Z > Task :react-native-screens:compileDebugJavaWithJavac
Maestro on Android emulator (native-debug)	Build the native debug app (development variant)	2026-10-10T06:46:15.4944296Z > Task :react-native-screens:bundleLibCompileToJarDebug
Maestro on Android emulator (native-debug)	Build the native debug app (development variant)	2026-10-10T06:46:15.4973796Z > Task :react-native-gesture-handler:compileDebugJavaWithJavac
Maestro on Android emulator (native-debug)	Build the native debug app (development variant)	2026-10-10T06:46:15.5013772Z > Task :react-native-gesture-handler:bundleLibCompileToJarDebug
Maestro on Android emulator (native-debug)	Build the native debug app (development variant)	2026-10-10T06:46:15.5094048Z > Task :react-native-gesture-handler:bundleLibRuntimeToJarDebug
Maestro on Android emulator (native-debug)	Build the native debug app (development variant)	2026-10-10T06:46:15.5153922Z > Task :react-native-screens:bundleLibRuntimeToJarDebug
Maestro on Android emulator (native-debug)	Build the native debug app (development variant)	2026-10-10T06:46:15.9934280Z > Task :react-native-gesture-handler:processDebugJavaRes
Maestro on Android emulator (native-debug)	Build the native debug app (development variant)	2026-10-10T06:46:15.9934832Z > Task :react-native-screens:processDebugJavaRes
Maestro on Android emulator (native-debug)	Build the native debug app (development variant)	2026-10-10T06:46:16.5925823Z Note: Some input files use or override a deprecated API.
Maestro on Android emulator (native-debug)	Build the native debug app (development variant)	2026-10-10T06:46:16.5926173Z 
Maestro on Android emulator (native-debug)	Build the native debug app (development variant)	2026-10-10T06:46:16.5954046Z Note: Recompile with -Xlint:deprecation for details.
Maestro on Android emulator (native-debug)	Build the native debug app (development variant)	2026-10-10T06:46:16.5954514Z > Task :expo-modules-core:compileDebugJavaWithJavac
Maestro on Android emulator (native-debug)	Build the native debug app (development variant)	2026-10-10T06:46:16.9926431Z 
Maestro on Android emulator (native-debug)	Build the native debug app (development variant)	2026-10-10T06:46:16.9936510Z > Task :react-native-gesture-handler:bundleLibRuntimeToDirDebug
Maestro on Android emulator (native-debug)	Build the native debug app (development variant)	2026-10-10T06:46:17.3946444Z > Task :react-native-reanimated:bundleLibRuntimeToDirDebug
Maestro on Android emulator (native-debug)	Build the native debug app (development variant)	2026-10-10T06:46:17.5962636Z > Task :react-native-safe-area-context:bundleLibRuntimeToDirDebug
Maestro on Android emulator (native-debug)	Build the native debug app (development variant)	2026-10-10T06:46:17.6964306Z > Task :react-native-worklets:bundleLibRuntimeToDirDebug
Maestro on Android emulator (native-debug)	Build the native debug app (development variant)	2026-10-10T06:46:17.6992671Z > Task :react-native-screens:bundleLibRuntimeToDirDebug
Maestro on Android emulator (native-debug)	Build the native debug app (development variant)	2026-10-10T06:46:17.7934314Z > Task :react-native-async-storage_async-storage:bundleLibRuntimeToDirDebug
Maestro on Android emulator (native-debug)	Build the native debug app (development variant)	2026-10-10T06:46:17.8944240Z > Task :expo-modules-core:bundleLibCompileToJarDebug
Maestro on Android emulator (native-debug)	Build the native debug app (development variant)	2026-10-10T06:46:17.9935887Z > Task :expo-modules-core:bundleLibRuntimeToJarDebug
Maestro on Android emulator (native-debug)	Build the native debug app (development variant)	2026-10-10T06:46:19.6963730Z 
Maestro on Android emulator (native-debug)	Build the native debug app (development variant)	2026-10-10T06:46:19.7054275Z > Task :expo-constants:compileDebugKotlin
Maestro on Android emulator (native-debug)	Build the native debug app (development variant)	2026-10-10T06:46:19.7145100Z w: file:///home/runner/work/react-native-starter/react-native-starter/node_modules/expo-constants/android/src/main/java/expo/modules/constants/ConstantsModule.kt:13:5 'fun Constants(legacyConstantsProvider: () -> Map<String, Any?>): Unit' is deprecated. Use `Constant` or `Property` instead.
Maestro on Android emulator (native-debug)	Build the native debug app (development variant)	2026-10-10T06:46:20.1963894Z 
Maestro on Android emulator (native-debug)	Build the native debug app (development variant)	2026-10-10T06:46:20.1994002Z > Task :expo-log-box:compileDebugKotlin
Maestro on Android emulator (native-debug)	Build the native debug app (development variant)	2026-10-10T06:46:20.2043995Z > Task :expo-constants:compileDebugJavaWithJavac
Maestro on Android emulator (native-debug)	Build the native debug app (development variant)	2026-10-10T06:46:20.2144014Z > Task :expo-constants:bundleLibCompileToJarDebug
Maestro on Android emulator (native-debug)	Build the native debug app (development variant)	2026-10-10T06:46:20.2934370Z > Task :expo-constants:bundleLibRuntimeToJarDebug
Maestro on Android emulator (native-debug)	Build the native debug app (development variant)	2026-10-10T06:46:20.2955553Z > Task :expo-constants:processDebugJavaRes
Maestro on Android emulator (native-debug)	Build the native debug app (development variant)	2026-10-10T06:46:20.3954472Z > Task :expo-modules-core:processDebugJavaRes
Maestro on Android emulator (native-debug)	Build the native debug app (development variant)	2026-10-10T06:46:20.7954567Z > Task :expo-log-box:compileDebugJavaWithJavac
Maestro on Android emulator (native-debug)	Build the native debug app (development variant)	2026-10-10T06:46:20.8016829Z > Task :expo-log-box:bundleLibCompileToJarDebug
Maestro on Android emulator (native-debug)	Build the native debug app (development variant)	2026-10-10T06:46:21.2974208Z > Task :expo-modules-core:bundleLibRuntimeToDirDebug
Maestro on Android emulator (native-debug)	Build the native debug app (development variant)	2026-10-10T06:46:21.2990111Z > Task :expo-log-box:bundleLibRuntimeToJarDebug
Maestro on Android emulator (native-debug)	Build the native debug app (development variant)	2026-10-10T06:46:21.3944206Z > Task :expo-log-box:processDebugJavaRes
Maestro on Android emulator (native-debug)	Build the native debug app (development variant)	2026-10-10T06:46:25.8925758Z 
Maestro on Android emulator (native-debug)	Build the native debug app (development variant)	2026-10-10T06:46:25.8954059Z > Task :expo:compileDebugKotlin
Maestro on Android emulator (native-debug)	Build the native debug app (development variant)	2026-10-10T06:46:25.8964784Z w: file:///home/runner/work/react-native-starter/react-native-starter/node_modules/expo/android/src/main/java/expo/modules/ExpoModulesPackage.kt:34:16 This declaration overrides a deprecated member but is not marked as deprecated itself. Add the '@Deprecated' annotation or suppress the diagnostic.
Maestro on Android emulator (native-debug)	Build the native debug app (development variant)	2026-10-10T06:46:25.8984272Z w: file:///home/runner/work/react-native-starter/react-native-starter/node_modules/expo/android/src/main/java/expo/modules/ReactActivityDelegateWrapper.kt:22:8 'class ReactInstanceManager : Any' is deprecated. Deprecated in Java.
Maestro on Android emulator (native-debug)	Build the native debug app (development variant)	2026-10-10T06:46:25.9014579Z w: file:///home/runner/work/react-native-starter/react-native-starter/node_modules/expo/android/src/main/java/expo/modules/ReactActivityDelegateWrapper.kt:102:16 This declaration overrides a deprecated member but is not marked as deprecated itself. Add the '@Deprecated' annotation or suppress the diagnostic.
Maestro on Android emulator (native-debug)	Build the native debug app (development variant)	2026-10-10T06:46:25.9016513Z w: file:///home/runner/work/react-native-starter/react-native-starter/node_modules/expo/android/src/main/java/expo/modules/ReactActivityDelegateWrapper.kt:102:43 'class ReactInstanceManager : Any' is deprecated. Deprecated in Java.
Maestro on Android emulator (native-debug)	Build the native debug app (development variant)	2026-10-10T06:46:25.9018329Z w: file:///home/runner/work/react-native-starter/react-native-starter/node_modules/expo/android/src/main/java/expo/modules/ReactActivityDelegateWrapper.kt:103:21 'val reactInstanceManager: ReactInstanceManager' is deprecated. Deprecated in Java.
Maestro on Android emulator (native-debug)	Build the native debug app (development variant)	2026-10-10T06:46:25.9020260Z w: file:///home/runner/work/react-native-starter/react-native-starter/node_modules/expo/android/src/main/java/expo/modules/fetch/ExpoFetchModule.kt:33:39 'constructor(reactContext: ReactContext): ForwardingCookieHandler' is deprecated. Use the default constructor.
Maestro on Android emulator (native-debug)	Build the native debug app (development variant)	2026-10-10T06:46:25.9022824Z w: file:///home/runner/work/react-native-starter/react-native-starter/node_modules/expo/android/src/main/java/expo/modules/fetch/NativeResponse.kt:44:16 This declaration overrides a deprecated member but is not marked as deprecated itself. Add the '@Deprecated' annotation or suppress the diagnostic.
Maestro on Android emulator (native-debug)	Build the native debug app (development variant)	2026-10-10T06:46:25.9044271Z w: file:///home/runner/work/react-native-starter/react-native-starter/node_modules/expo/android/src/main/java/expo/modules/fetch/NativeResponse.kt:46:11 'fun deallocate(): Unit' is deprecated. Use sharedObjectDidRelease() instead.
Maestro on Android emulator (native-debug)	Build the native debug app (development variant)	2026-10-10T06:46:26.6973594Z 
Maestro on Android emulator (native-debug)	Build the native debug app (development variant)	2026-10-10T06:46:26.7064334Z > Task :react-native-masked-view_masked-view:bundleLibRuntimeToDirDebug
Maestro on Android emulator (native-debug)	Build the native debug app (development variant)	2026-10-10T06:46:26.7935441Z > Task :expo-log-box:bundleLibRuntimeToDirDebug
Maestro on Android emulator (native-debug)	Build the native debug app (development variant)	2026-10-10T06:46:26.8925938Z > Task :expo-constants:bundleLibRuntimeToDirDebug
Maestro on Android emulator (native-debug)	Build the native debug app (development variant)	2026-10-10T06:46:28.6944394Z > Task :app:mergeDebugJniLibFolders
Maestro on Android emulator (native-debug)	Build the native debug app (development variant)	2026-10-10T06:46:28.6945322Z > Task :expo:compileDebugJavaWithJavac
Maestro on Android emulator (native-debug)	Build the native debug app (development variant)	2026-10-10T06:46:28.6973874Z > Task :expo-constants:mergeDebugJniLibFolders
Maestro on Android emulator (native-debug)	Build the native debug app (development variant)	2026-10-10T06:46:28.7004187Z > Task :expo-constants:mergeDebugNativeLibs NO-SOURCE
Maestro on Android emulator (native-debug)	Build the native debug app (development variant)	2026-10-10T06:46:28.7013774Z > Task :expo:processDebugJavaRes
Maestro on Android emulator (native-debug)	Build the native debug app (development variant)	2026-10-10T06:46:28.7033650Z > Task :expo:bundleLibCompileToJarDebug
Maestro on Android emulator (native-debug)	Build the native debug app (development variant)	2026-10-10T06:46:28.7063630Z > Task :expo:bundleLibRuntimeToJarDebug
Maestro on Android emulator (native-debug)	Build the native debug app (development variant)	2026-10-10T06:46:28.7934372Z > Task :expo:bundleLibRuntimeToDirDebug
Maestro on Android emulator (native-debug)	Build the native debug app (development variant)	2026-10-10T06:46:29.0925142Z 
Maestro on Android emulator (native-debug)	Build the native debug app (development variant)	2026-10-10T06:46:29.0934124Z > Task :react-native-worklets:configureCMakeDebug[x86_64]
Maestro on Android emulator (native-debug)	Build the native debug app (development variant)	2026-10-10T06:46:29.1014539Z Checking the license for package CMake 3.22.1 in /usr/local/lib/android/sdk/licenses
Maestro on Android emulator (native-debug)	Build the native debug app (development variant)	2026-10-10T06:46:29.1104234Z License for package CMake 3.22.1 accepted.
Maestro on Android emulator (native-debug)	Build the native debug app (development variant)	2026-10-10T06:46:29.1143911Z Preparing "Install CMake 3.22.1 v.3.22.1".
Maestro on Android emulator (native-debug)	Build the native debug app (development variant)	2026-10-10T06:46:29.5023600Z 
Maestro on Android emulator (native-debug)	Build the native debug app (development variant)	2026-10-10T06:46:29.5114212Z > Task :expo:mergeDebugJniLibFolders
Maestro on Android emulator (native-debug)	Build the native debug app (development variant)	2026-10-10T06:46:29.5154152Z > Task :expo:mergeDebugNativeLibs NO-SOURCE
Maestro on Android emulator (native-debug)	Build the native debug app (development variant)	2026-10-10T06:46:29.5193932Z > Task :expo:copyDebugJniLibsProjectOnly
Maestro on Android emulator (native-debug)	Build the native debug app (development variant)	2026-10-10T06:46:29.5253804Z > Task :expo-constants:copyDebugJniLibsProjectOnly
Maestro on Android emulator (native-debug)	Build the native debug app (development variant)	2026-10-10T06:46:29.5303884Z > Task :expo-log-box:mergeDebugJniLibFolders
Maestro on Android emulator (native-debug)	Build the native debug app (development variant)	2026-10-10T06:46:29.5393973Z > Task :expo-log-box:mergeDebugNativeLibs NO-SOURCE
Maestro on Android emulator (native-debug)	Build the native debug app (development variant)	2026-10-10T06:46:30.1944326Z > Task :expo-log-box:copyDebugJniLibsProjectOnly
Maestro on Android emulator (native-debug)	Build the native debug app (development variant)	2026-10-10T06:46:30.3925284Z > Task :app:compileDebugKotlin
Maestro on Android emulator (native-debug)	Build the native debug app (development variant)	2026-10-10T06:46:30.6936026Z > Task :expo-modules-core:mergeDebugJniLibFolders
Maestro on Android emulator (native-debug)	Build the native debug app (development variant)	2026-10-10T06:46:30.7944368Z > Task :app:mergeLibDexDebug
Maestro on Android emulator (native-debug)	Build the native debug app (development variant)	2026-10-10T06:46:30.8004156Z > Task :react-native-async-storage_async-storage:mergeDebugJniLibFolders
Maestro on Android emulator (native-debug)	Build the native debug app (development variant)	2026-10-10T06:46:30.8034147Z > Task :react-native-gesture-handler:mergeDebugJniLibFolders
Maestro on Android emulator (native-debug)	Build the native debug app (development variant)	2026-10-10T06:46:30.8063974Z > Task :react-native-async-storage_async-storage:mergeDebugNativeLibs NO-SOURCE
Maestro on Android emulator (native-debug)	Build the native debug app (development variant)	2026-10-10T06:46:30.8083819Z > Task :react-native-async-storage_async-storage:copyDebugJniLibsProjectOnly
Maestro on Android emulator (native-debug)	Build the native debug app (development variant)	2026-10-10T06:46:30.8110004Z > Task :react-native-masked-view_masked-view:mergeDebugJniLibFolders
Maestro on Android emulator (native-debug)	Build the native debug app (development variant)	2026-10-10T06:46:30.8133676Z > Task :react-native-masked-view_masked-view:mergeDebugNativeLibs NO-SOURCE
Maestro on Android emulator (native-debug)	Build the native debug app (development variant)	2026-10-10T06:46:30.8144672Z > Task :react-native-reanimated:mergeDebugJniLibFolders
Maestro on Android emulator (native-debug)	Build the native debug app (development variant)	2026-10-10T06:46:30.8183732Z > Task :react-native-masked-view_masked-view:copyDebugJniLibsProjectOnly
Maestro on Android emulator (native-debug)	Build the native debug app (development variant)	2026-10-10T06:46:30.8948159Z > Task :react-native-safe-area-context:mergeDebugJniLibFolders
Maestro on Android emulator (native-debug)	Build the native debug app (development variant)	2026-10-10T06:46:30.8973908Z > Task :react-native-safe-area-context:mergeDebugNativeLibs NO-SOURCE
Maestro on Android emulator (native-debug)	Build the native debug app (development variant)	2026-10-10T06:46:30.8974510Z > Task :react-native-safe-area-context:copyDebugJniLibsProjectOnly
Maestro on Android emulator (native-debug)	Build the native debug app (development variant)	2026-10-10T06:46:30.8995321Z > Task :expo:stripDebugDebugSymbols NO-SOURCE
Maestro on Android emulator (native-debug)	Build the native debug app (development variant)	2026-10-10T06:46:30.8998253Z > Task :expo:copyDebugJniLibsProjectAndLocalJars
Maestro on Android emulator (native-debug)	Build the native debug app (development variant)	2026-10-10T06:46:30.9944453Z > Task :app:compileDebugJavaWithJavac
Maestro on Android emulator (native-debug)	Build the native debug app (development variant)	2026-10-10T06:46:31.1951302Z 
Maestro on Android emulator (native-debug)	Build the native debug app (development variant)	2026-10-10T06:46:31.1969295Z > Task :react-native-worklets:configureCMakeDebug[x86_64]
Maestro on Android emulator (native-debug)	Build the native debug app (development variant)	2026-10-10T06:46:31.1999018Z "Install CMake 3.22.1 v.3.22.1" ready.
Maestro on Android emulator (native-debug)	Build the native debug app (development variant)	2026-10-10T06:46:31.2036369Z Installing CMake 3.22.1 in /usr/local/lib/android/sdk/cmake/3.22.1
Maestro on Android emulator (native-debug)	Build the native debug app (development variant)	2026-10-10T06:46:31.2041838Z "Install CMake 3.22.1 v.3.22.1" complete.
Maestro on Android emulator (native-debug)	Build the native debug app (development variant)	2026-10-10T06:46:31.2042264Z "Install CMake 3.22.1 v.3.22.1" finished.
Maestro on Android emulator (native-debug)	Build the native debug app (development variant)	2026-10-10T06:46:32.3925021Z 
Maestro on Android emulator (native-debug)	Build the native debug app (development variant)	2026-10-10T06:46:32.3926434Z > Task :app:dexBuilderDebug
Maestro on Android emulator (native-debug)	Build the native debug app (development variant)	2026-10-10T06:46:32.5985165Z > Task :react-native-screens:configureCMakeDebug[x86_64]
Maestro on Android emulator (native-debug)	Build the native debug app (development variant)	2026-10-10T06:46:32.6074048Z > Task :app:mergeDebugGlobalSynthetics
Maestro on Android emulator (native-debug)	Build the native debug app (development variant)	2026-10-10T06:46:32.6133830Z > Task :app:processDebugJavaRes
Maestro on Android emulator (native-debug)	Build the native debug app (development variant)	2026-10-10T06:46:36.9944352Z > Task :app:mergeDebugJavaResource
Maestro on Android emulator (native-debug)	Build the native debug app (development variant)	2026-10-10T06:46:37.2925501Z > Task :app:mergeProjectDexDebug
Maestro on Android emulator (native-debug)	Build the native debug app (development variant)	2026-10-10T06:46:37.3014226Z > Task :app:validateSigningDebug
Maestro on Android emulator (native-debug)	Build the native debug app (development variant)	2026-10-10T06:46:37.3934356Z > Task :app:writeDebugAppMetadata
Maestro on Android emulator (native-debug)	Build the native debug app (development variant)	2026-10-10T06:46:37.3969087Z > Task :app:writeDebugSigningConfigVersions
Maestro on Android emulator (native-debug)	Build the native debug app (development variant)	2026-10-10T06:46:37.4044159Z > Task :expo-constants:stripDebugDebugSymbols NO-SOURCE
Maestro on Android emulator (native-debug)	Build the native debug app (development variant)	2026-10-10T06:46:37.4134105Z > Task :expo-constants:copyDebugJniLibsProjectAndLocalJars
Maestro on Android emulator (native-debug)	Build the native debug app (development variant)	2026-10-10T06:46:38.4934489Z > Task :expo:extractDebugAnnotations
Maestro on Android emulator (native-debug)	Build the native debug app (development variant)	2026-10-10T06:46:38.4985230Z > Task :expo:extractDeepLinksForAarDebug
Maestro on Android emulator (native-debug)	Build the native debug app (development variant)	2026-10-10T06:46:38.5064043Z > Task :expo:mergeDebugGeneratedProguardFiles
Maestro on Android emulator (native-debug)	Build the native debug app (development variant)	2026-10-10T06:46:38.5174158Z > Task :expo:mergeDebugConsumerProguardFiles
Maestro on Android emulator (native-debug)	Build the native debug app (development variant)	2026-10-10T06:46:38.5244243Z > Task :expo:prepareDebugArtProfile
Maestro on Android emulator (native-debug)	Build the native debug app (development variant)	2026-10-10T06:46:38.5944302Z > Task :expo:prepareLintJarForPublish
Maestro on Android emulator (native-debug)	Build the native debug app (development variant)	2026-10-10T06:46:38.5984240Z > Task :expo:mergeDebugJavaResource
Maestro on Android emulator (native-debug)	Build the native debug app (development variant)	2026-10-10T06:46:38.6034205Z > Task :expo:syncDebugLibJars
Maestro on Android emulator (native-debug)	Build the native debug app (development variant)	2026-10-10T06:46:38.6104038Z > Task :expo:bundleDebugAar
Maestro on Android emulator (native-debug)	Build the native debug app (development variant)	2026-10-10T06:46:38.6177034Z > Task :expo:assembleDebug
Maestro on Android emulator (native-debug)	Build the native debug app (development variant)	2026-10-10T06:46:38.6984374Z > Task :expo-log-box:stripDebugDebugSymbols NO-SOURCE
Maestro on Android emulator (native-debug)	Build the native debug app (development variant)	2026-10-10T06:46:38.6994208Z > Task :expo-constants:extractDebugAnnotations
Maestro on Android emulator (native-debug)	Build the native debug app (development variant)	2026-10-10T06:46:38.7024068Z > Task :expo-log-box:copyDebugJniLibsProjectAndLocalJars
Maestro on Android emulator (native-debug)	Build the native debug app (development variant)	2026-10-10T06:46:38.7054246Z > Task :expo-constants:extractDeepLinksForAarDebug
Maestro on Android emulator (native-debug)	Build the native debug app (development variant)	2026-10-10T06:46:38.7115359Z > Task :expo-constants:mergeDebugGeneratedProguardFiles
Maestro on Android emulator (native-debug)	Build the native debug app (development variant)	2026-10-10T06:46:38.7173943Z > Task :expo-constants:mergeDebugConsumerProguardFiles
Maestro on Android emulator (native-debug)	Build the native debug app (development variant)	2026-10-10T06:46:38.7193833Z > Task :expo-constants:prepareDebugArtProfile
Maestro on Android emulator (native-debug)	Build the native debug app (development variant)	2026-10-10T06:46:38.7233845Z > Task :expo-log-box:extractDebugAnnotations
Maestro on Android emulator (native-debug)	Build the native debug app (development variant)	2026-10-10T06:46:38.7293914Z > Task :expo-log-box:extractDeepLinksForAarDebug
Maestro on Android emulator (native-debug)	Build the native debug app (development variant)	2026-10-10T06:46:38.7333781Z > Task :expo-constants:prepareLintJarForPublish
Maestro on Android emulator (native-debug)	Build the native debug app (development variant)	2026-10-10T06:46:38.7373771Z > Task :expo-constants:mergeDebugJavaResource
Maestro on Android emulator (native-debug)	Build the native debug app (development variant)	2026-10-10T06:46:38.7413864Z > Task :expo-log-box:mergeDebugGeneratedProguardFiles
Maestro on Android emulator (native-debug)	Build the native debug app (development variant)	2026-10-10T06:46:38.7475179Z > Task :expo-log-box:mergeDebugConsumerProguardFiles
Maestro on Android emulator (native-debug)	Build the native debug app (development variant)	2026-10-10T06:46:38.7513756Z > Task :expo-log-box:prepareDebugArtProfile
Maestro on Android emulator (native-debug)	Build the native debug app (development variant)	2026-10-10T06:46:38.7553651Z > Task :expo-constants:syncDebugLibJars
Maestro on Android emulator (native-debug)	Build the native debug app (development variant)	2026-10-10T06:46:38.7585159Z > Task :expo-log-box:prepareLintJarForPublish
Maestro on Android emulator (native-debug)	Build the native debug app (development variant)	2026-10-10T06:46:38.7974265Z > Task :expo-constants:bundleDebugAar
Maestro on Android emulator (native-debug)	Build the native debug app (development variant)	2026-10-10T06:46:38.7995974Z > Task :expo-constants:assembleDebug
Maestro on Android emulator (native-debug)	Build the native debug app (development variant)	2026-10-10T06:46:38.8094107Z > Task :expo-log-box:mergeDebugJavaResource
Maestro on Android emulator (native-debug)	Build the native debug app (development variant)	2026-10-10T06:46:38.8103965Z > Task :expo-log-box:syncDebugLibJars
Maestro on Android emulator (native-debug)	Build the native debug app (development variant)	2026-10-10T06:46:38.8153716Z > Task :expo-log-box:bundleDebugAar
Maestro on Android emulator (native-debug)	Build the native debug app (development variant)	2026-10-10T06:46:38.8183782Z > Task :expo-log-box:assembleDebug
Maestro on Android emulator (native-debug)	Build the native debug app (development variant)	2026-10-10T06:46:38.8249729Z > Task :expo-modules-core:extractDebugAnnotations
Maestro on Android emulator (native-debug)	Build the native debug app (development variant)	2026-10-10T06:46:38.8286264Z > Task :react-native-async-storage_async-storage:stripDebugDebugSymbols NO-SOURCE
Maestro on Android emulator (native-debug)	Build the native debug app (development variant)	2026-10-10T06:46:38.8323815Z > Task :expo-modules-core:extractDeepLinksForAarDebug
Maestro on Android emulator (native-debug)	Build the native debug app (development variant)	2026-10-10T06:46:38.8324946Z > Task :react-native-async-storage_async-storage:copyDebugJniLibsProjectAndLocalJars
Maestro on Android emulator (native-debug)	Build the native debug app (development variant)	2026-10-10T06:46:38.8404083Z > Task :expo-modules-core:mergeDebugGeneratedProguardFiles
Maestro on Android emulator (native-debug)	Build the native debug app (development variant)	2026-10-10T06:46:38.8443810Z > Task :expo-modules-core:mergeDebugConsumerProguardFiles
Maestro on Android emulator (native-debug)	Build the native debug app (development variant)	2026-10-10T06:46:38.8929931Z > Task :expo-modules-core:prepareDebugArtProfile
Maestro on Android emulator (native-debug)	Build the native debug app (development variant)	2026-10-10T06:46:38.9014955Z > Task :expo-modules-core:prepareLintJarForPublish
Maestro on Android emulator (native-debug)	Build the native debug app (development variant)	2026-10-10T06:46:38.9074249Z > Task :react-native-async-storage_async-storage:extractDebugAnnotations
Maestro on Android emulator (native-debug)	Build the native debug app (development variant)	2026-10-10T06:46:38.9124522Z > Task :react-native-async-storage_async-storage:extractDeepLinksForAarDebug
Maestro on Android emulator (native-debug)	Build the native debug app (development variant)	2026-10-10T06:46:38.9205297Z > Task :react-native-async-storage_async-storage:mergeDebugGeneratedProguardFiles
Maestro on Android emulator (native-debug)	Build the native debug app (development variant)	2026-10-10T06:46:38.9274770Z > Task :expo-modules-core:mergeDebugJavaResource
Maestro on Android emulator (native-debug)	Build the native debug app (development variant)	2026-10-10T06:46:38.9293974Z > Task :react-native-async-storage_async-storage:mergeDebugConsumerProguardFiles
Maestro on Android emulator (native-debug)	Build the native debug app (development variant)	2026-10-10T06:46:38.9353990Z > Task :react-native-async-storage_async-storage:prepareDebugArtProfile
Maestro on Android emulator (native-debug)	Build the native debug app (development variant)	2026-10-10T06:46:38.9430696Z > Task :react-native-async-storage_async-storage:prepareLintJarForPublish
Maestro on Android emulator (native-debug)	Build the native debug app (development variant)	2026-10-10T06:46:38.9465512Z > Task :react-native-async-storage_async-storage:mergeDebugJavaResource
Maestro on Android emulator (native-debug)	Build the native debug app (development variant)	2026-10-10T06:46:38.9934370Z > Task :react-native-async-storage_async-storage:syncDebugLibJars
Maestro on Android emulator (native-debug)	Build the native debug app (development variant)	2026-10-10T06:46:38.9964033Z > Task :react-native-async-storage_async-storage:bundleDebugAar
Maestro on Android emulator (native-debug)	Build the native debug app (development variant)	2026-10-10T06:46:39.0004171Z > Task :react-native-async-storage_async-storage:assembleDebug
Maestro on Android emulator (native-debug)	Build the native debug app (development variant)	2026-10-10T06:46:39.0044024Z > Task :react-native-gesture-handler:extractDebugAnnotations
Maestro on Android emulator (native-debug)	Build the native debug app (development variant)	2026-10-10T06:46:39.0094000Z > Task :react-native-gesture-handler:extractDeepLinksForAarDebug
Maestro on Android emulator (native-debug)	Build the native debug app (development variant)	2026-10-10T06:46:39.1014505Z > Task :react-native-gesture-handler:mergeDebugGeneratedProguardFiles
Maestro on Android emulator (native-debug)	Build the native debug app (development variant)	2026-10-10T06:46:39.1945610Z > Task :react-native-gesture-handler:mergeDebugConsumerProguardFiles
Maestro on Android emulator (native-debug)	Build the native debug app (development variant)	2026-10-10T06:46:39.2034348Z > Task :react-native-gesture-handler:prepareDebugArtProfile
Maestro on Android emulator (native-debug)	Build the native debug app (development variant)	2026-10-10T06:46:39.2154348Z > Task :react-native-gesture-handler:prepareLintJarForPublish
Maestro on Android emulator (native-debug)	Build the native debug app (development variant)	2026-10-10T06:46:39.2203377Z > Task :react-native-gesture-handler:mergeDebugJavaResource
Maestro on Android emulator (native-debug)	Build the native debug app (development variant)	2026-10-10T06:46:39.2984316Z > Task :react-native-gesture-handler:syncDebugLibJars
Maestro on Android emulator (native-debug)	Build the native debug app (development variant)	2026-10-10T06:46:39.3015778Z > Task :react-native-masked-view_masked-view:stripDebugDebugSymbols NO-SOURCE
Maestro on Android emulator (native-debug)	Build the native debug app (development variant)	2026-10-10T06:46:39.3104218Z > Task :react-native-masked-view_masked-view:copyDebugJniLibsProjectAndLocalJars
Maestro on Android emulator (native-debug)	Build the native debug app (development variant)	2026-10-10T06:46:39.3171807Z > Task :react-native-masked-view_masked-view:extractDebugAnnotations
Maestro on Android emulator (native-debug)	Build the native debug app (development variant)	2026-10-10T06:46:39.3955023Z > Task :react-native-masked-view_masked-view:extractDeepLinksForAarDebug
Maestro on Android emulator (native-debug)	Build the native debug app (development variant)	2026-10-10T06:46:39.4034947Z > Task :react-native-masked-view_masked-view:mergeDebugGeneratedProguardFiles
Maestro on Android emulator (native-debug)	Build the native debug app (development variant)	2026-10-10T06:46:39.4134301Z > Task :react-native-masked-view_masked-view:mergeDebugConsumerProguardFiles
Maestro on Android emulator (native-debug)	Build the native debug app (development variant)	2026-10-10T06:46:39.4204323Z > Task :react-native-masked-view_masked-view:prepareDebugArtProfile
Maestro on Android emulator (native-debug)	Build the native debug app (development variant)	2026-10-10T06:46:39.4264154Z > Task :react-native-masked-view_masked-view:prepareLintJarForPublish
Maestro on Android emulator (native-debug)	Build the native debug app (development variant)	2026-10-10T06:46:39.4326402Z > Task :react-native-masked-view_masked-view:mergeDebugJavaResource
Maestro on Android emulator (native-debug)	Build the native debug app (development variant)	2026-10-10T06:46:39.4434061Z > Task :react-native-masked-view_masked-view:syncDebugLibJars
Maestro on Android emulator (native-debug)	Build the native debug app (development variant)	2026-10-10T06:46:39.5004916Z > Task :react-native-masked-view_masked-view:bundleDebugAar
Maestro on Android emulator (native-debug)	Build the native debug app (development variant)	2026-10-10T06:46:39.5056432Z > Task :react-native-masked-view_masked-view:assembleDebug
Maestro on Android emulator (native-debug)	Build the native debug app (development variant)	2026-10-10T06:46:39.5174207Z > Task :react-native-reanimated:extractDebugAnnotations
Maestro on Android emulator (native-debug)	Build the native debug app (development variant)	2026-10-10T06:46:39.5174779Z > Task :react-native-reanimated:extractDeepLinksForAarDebug
Maestro on Android emulator (native-debug)	Build the native debug app (development variant)	2026-10-10T06:46:39.5327814Z > Task :react-native-reanimated:mergeDebugGeneratedProguardFiles
Maestro on Android emulator (native-debug)	Build the native debug app (development variant)	2026-10-10T06:46:39.5454197Z > Task :react-native-reanimated:mergeDebugConsumerProguardFiles
Maestro on Android emulator (native-debug)	Build the native debug app (development variant)	2026-10-10T06:46:39.5946241Z > Task :react-native-reanimated:prepareDebugArtProfile
Maestro on Android emulator (native-debug)	Build the native debug app (development variant)	2026-10-10T06:46:39.6024174Z > Task :react-native-reanimated:prepareLintJarForPublish
Maestro on Android emulator (native-debug)	Build the native debug app (development variant)	2026-10-10T06:46:39.6083676Z > Task :react-native-reanimated:mergeDebugJavaResource
Maestro on Android emulator (native-debug)	Build the native debug app (development variant)	2026-10-10T06:46:39.6157450Z > Task :react-native-reanimated:syncDebugLibJars
Maestro on Android emulator (native-debug)	Build the native debug app (development variant)	2026-10-10T06:46:39.7034558Z > Task :react-native-safe-area-context:stripDebugDebugSymbols NO-SOURCE
Maestro on Android emulator (native-debug)	Build the native debug app (development variant)	2026-10-10T06:46:39.7094284Z > Task :react-native-safe-area-context:copyDebugJniLibsProjectAndLocalJars
Maestro on Android emulator (native-debug)	Build the native debug app (development variant)	2026-10-10T06:46:39.7154220Z > Task :react-native-safe-area-context:extractDebugAnnotations
Maestro on Android emulator (native-debug)	Build the native debug app (development variant)	2026-10-10T06:46:39.7224196Z > Task :react-native-safe-area-context:extractDeepLinksForAarDebug
Maestro on Android emulator (native-debug)	Build the native debug app (development variant)	2026-10-10T06:46:39.7275662Z > Task :react-native-safe-area-context:mergeDebugGeneratedProguardFiles
Maestro on Android emulator (native-debug)	Build the native debug app (development variant)	2026-10-10T06:46:39.7323727Z > Task :react-native-safe-area-context:mergeDebugConsumerProguardFiles
Maestro on Android emulator (native-debug)	Build the native debug app (development variant)	2026-10-10T06:46:39.7404759Z > Task :react-native-safe-area-context:prepareDebugArtProfile
Maestro on Android emulator (native-debug)	Build the native debug app (development variant)	2026-10-10T06:46:39.7439155Z > Task :react-native-safe-area-context:prepareLintJarForPublish
Maestro on Android emulator (native-debug)	Build the native debug app (development variant)	2026-10-10T06:46:39.7964400Z > Task :react-native-safe-area-context:mergeDebugJavaResource
Maestro on Android emulator (native-debug)	Build the native debug app (development variant)	2026-10-10T06:46:39.7994295Z > Task :expo-modules-core:syncDebugLibJars
Maestro on Android emulator (native-debug)	Build the native debug app (development variant)	2026-10-10T06:46:39.8084043Z > Task :react-native-safe-area-context:syncDebugLibJars
Maestro on Android emulator (native-debug)	Build the native debug app (development variant)	2026-10-10T06:46:39.8124074Z > Task :react-native-safe-area-context:bundleDebugAar
Maestro on Android emulator (native-debug)	Build the native debug app (development variant)	2026-10-10T06:46:39.8198498Z > Task :react-native-safe-area-context:assembleDebug
Maestro on Android emulator (native-debug)	Build the native debug app (development variant)	2026-10-10T06:46:42.8961980Z > Task :react-native-screens:buildCMakeDebug[x86_64]
Maestro on Android emulator (native-debug)	Build the native debug app (development variant)	2026-10-10T06:46:42.8965361Z > Task :react-native-screens:mergeDebugJniLibFolders
Maestro on Android emulator (native-debug)	Build the native debug app (development variant)	2026-10-10T06:46:42.9925464Z > Task :react-native-screens:extractDebugAnnotations
Maestro on Android emulator (native-debug)	Build the native debug app (development variant)	2026-10-10T06:46:42.9974022Z > Task :react-native-screens:mergeDebugNativeLibs
Maestro on Android emulator (native-debug)	Build the native debug app (development variant)	2026-10-10T06:46:42.9974543Z > Task :react-native-screens:copyDebugJniLibsProjectOnly
Maestro on Android emulator (native-debug)	Build the native debug app (development variant)	2026-10-10T06:46:42.9974978Z > Task :react-native-screens:extractDeepLinksForAarDebug
Maestro on Android emulator (native-debug)	Build the native debug app (development variant)	2026-10-10T06:46:42.9975412Z > Task :react-native-screens:mergeDebugGeneratedProguardFiles
Maestro on Android emulator (native-debug)	Build the native debug app (development variant)	2026-10-10T06:46:43.0003903Z > Task :react-native-screens:mergeDebugConsumerProguardFiles
Maestro on Android emulator (native-debug)	Build the native debug app (development variant)	2026-10-10T06:46:43.0004361Z > Task :react-native-screens:prepareDebugArtProfile
Maestro on Android emulator (native-debug)	Build the native debug app (development variant)	2026-10-10T06:46:43.0004754Z > Task :react-native-screens:prepareLintJarForPublish
Maestro on Android emulator (native-debug)	Build the native debug app (development variant)	2026-10-10T06:46:43.0005117Z > Task :react-native-screens:mergeDebugJavaResource
Maestro on Android emulator (native-debug)	Build the native debug app (development variant)	2026-10-10T06:46:43.0925454Z > Task :react-native-screens:stripDebugDebugSymbols
Maestro on Android emulator (native-debug)	Build the native debug app (development variant)	2026-10-10T06:46:43.2994854Z > Task :react-native-screens:syncDebugLibJars
Maestro on Android emulator (native-debug)	Build the native debug app (development variant)	2026-10-10T06:46:43.3054221Z > Task :react-native-screens:copyDebugJniLibsProjectAndLocalJars
Maestro on Android emulator (native-debug)	Build the native debug app (development variant)	2026-10-10T06:46:43.3926106Z > Task :react-native-screens:bundleDebugAar
Maestro on Android emulator (native-debug)	Build the native debug app (development variant)	2026-10-10T06:46:43.3943943Z > Task :react-native-screens:assembleDebug
Maestro on Android emulator (native-debug)	Build the native debug app (development variant)	2026-10-10T06:46:46.1925027Z > Task :react-native-worklets:buildCMakeDebug[x86_64][worklets]
Maestro on Android emulator (native-debug)	Build the native debug app (development variant)	2026-10-10T06:46:46.5984855Z > Task :react-native-worklets:externalNativeBuildDebug
Maestro on Android emulator (native-debug)	Build the native debug app (development variant)	2026-10-10T06:46:46.6013854Z > Task :react-native-worklets:generateJsonModelDebug
Maestro on Android emulator (native-debug)	Build the native debug app (development variant)	2026-10-10T06:46:46.6063748Z > Task :react-native-worklets:prefabDebugConfigurePackage
Maestro on Android emulator (native-debug)	Build the native debug app (development variant)	2026-10-10T06:46:46.6928170Z > Task :react-native-worklets:prefabDebugPackage
Maestro on Android emulator (native-debug)	Build the native debug app (development variant)	2026-10-10T06:46:46.9934381Z > Task :react-native-worklets:mergeDebugJniLibFolders
Maestro on Android emulator (native-debug)	Build the native debug app (development variant)	2026-10-10T06:46:47.0941628Z > Task :react-native-worklets:mergeDebugNativeLibs
Maestro on Android emulator (native-debug)	Build the native debug app (development variant)	2026-10-10T06:46:47.1925337Z > Task :react-native-worklets:copyDebugJniLibsProjectOnly
Maestro on Android emulator (native-debug)	Build the native debug app (development variant)	2026-10-10T06:46:47.1926700Z > Task :react-native-worklets:extractDebugAnnotations
Maestro on Android emulator (native-debug)	Build the native debug app (development variant)	2026-10-10T06:46:47.1927277Z > Task :react-native-worklets:extractDeepLinksForAarDebug
Maestro on Android emulator (native-debug)	Build the native debug app (development variant)	2026-10-10T06:46:47.1927847Z > Task :react-native-worklets:mergeDebugGeneratedProguardFiles
Maestro on Android emulator (native-debug)	Build the native debug app (development variant)	2026-10-10T06:46:47.1928440Z > Task :react-native-worklets:mergeDebugConsumerProguardFiles
Maestro on Android emulator (native-debug)	Build the native debug app (development variant)	2026-10-10T06:46:47.2926147Z > Task :react-native-worklets:stripDebugDebugSymbols
Maestro on Android emulator (native-debug)	Build the native debug app (development variant)	2026-10-10T06:46:47.2934413Z > Task :react-native-worklets:prepareDebugArtProfile
Maestro on Android emulator (native-debug)	Build the native debug app (development variant)	2026-10-10T06:46:47.2964144Z > Task :react-native-worklets:prepareLintJarForPublish
Maestro on Android emulator (native-debug)	Build the native debug app (development variant)	2026-10-10T06:46:47.2993762Z > Task :react-native-worklets:mergeDebugJavaResource
Maestro on Android emulator (native-debug)	Build the native debug app (development variant)	2026-10-10T06:46:47.3005461Z > Task :react-native-worklets:syncDebugLibJars
Maestro on Android emulator (native-debug)	Build the native debug app (development variant)	2026-10-10T06:46:47.3925783Z > Task :react-native-worklets:copyDebugJniLibsProjectAndLocalJars
Maestro on Android emulator (native-debug)	Build the native debug app (development variant)	2026-10-10T06:46:47.6944775Z > Task :react-native-reanimated:configureCMakeDebug[x86_64]
Maestro on Android emulator (native-debug)	Build the native debug app (development variant)	2026-10-10T06:46:47.6964117Z > Task :react-native-reanimated:generateJsonModelDebug
Maestro on Android emulator (native-debug)	Build the native debug app (development variant)	2026-10-10T06:46:47.6994157Z > Task :react-native-reanimated:prefabDebugConfigurePackage
Maestro on Android emulator (native-debug)	Build the native debug app (development variant)	2026-10-10T06:46:47.8925689Z > Task :expo-modules-core:configureCMakeDebug[x86_64]
Maestro on Android emulator (native-debug)	Build the native debug app (development variant)	2026-10-10T06:46:48.5925987Z > Task :react-native-worklets:bundleDebugAar
Maestro on Android emulator (native-debug)	Build the native debug app (development variant)	2026-10-10T06:47:15.4931962Z 
Maestro on Android emulator (native-debug)	Build the native debug app (development variant)	2026-10-10T06:47:15.4957847Z > Task :expo-modules-core:buildCMakeDebug[x86_64]
Maestro on Android emulator (native-debug)	Build the native debug app (development variant)	2026-10-10T06:47:15.4974277Z C/C++: ninja: Entering directory `/home/runner/work/react-native-starter/react-native-starter/node_modules/expo-modules-core/android/.cxx/Debug/4212u5f3/x86_64'
Maestro on Android emulator (native-debug)	Build the native debug app (development variant)	2026-10-10T06:47:15.5004619Z C/C++: /home/runner/work/react-native-starter/react-native-starter/node_modules/expo-modules-core/android/src/main/cpp/fabric/ExpoComponentDescriptorFactory.cpp:17:5: warning: 'RawPropsParser' is deprecated [-Wdeprecated-declarations]
Maestro on Android emulator (native-debug)	Build the native debug app (development variant)	2026-10-10T06:47:15.5013929Z C/C++:    17 |     react::RawPropsParser(/*useRawPropsJsiValue=*/true)
Maestro on Android emulator (native-debug)	Build the native debug app (development variant)	2026-10-10T06:47:15.5043751Z C/C++:       |     ^
Maestro on Android emulator (native-debug)	Build the native debug app (development variant)	2026-10-10T06:47:15.5064368Z C/C++: /home/runner/work/react-native-starter/react-native-starter/node_modules/react-native/ReactCommon/react/renderer/core/RawPropsParser.h:31:5: note: 'RawPropsParser' has been explicitly marked deprecated here
Maestro on Android emulator (native-debug)	Build the native debug app (development variant)	2026-10-10T06:47:15.5083943Z C/C++:    31 |   [[deprecated]] explicit RawPropsParser(bool /* ignored */) : RawPropsParser() {}
Maestro on Android emulator (native-debug)	Build the native debug app (development variant)	2026-10-10T06:47:15.5103639Z C/C++:       |     ^
Maestro on Android emulator (native-debug)	Build the native debug app (development variant)	2026-10-10T06:47:15.5133689Z C/C++: 1 warning generated.
Maestro on Android emulator (native-debug)	Build the native debug app (development variant)	2026-10-10T06:47:16.7926074Z 
Maestro on Android emulator (native-debug)	Build the native debug app (development variant)	2026-10-10T06:47:16.7942840Z > Task :expo-modules-core:mergeDebugNativeLibs
Maestro on Android emulator (native-debug)	Build the native debug app (development variant)	2026-10-10T06:47:16.9935910Z > Task :expo-modules-core:copyDebugJniLibsProjectOnly
Maestro on Android emulator (native-debug)	Build the native debug app (development variant)	2026-10-10T06:47:17.0934407Z > Task :expo-modules-core:stripDebugDebugSymbols
Maestro on Android emulator (native-debug)	Build the native debug app (development variant)	2026-10-10T06:47:17.0974339Z > Task :expo-modules-core:copyDebugJniLibsProjectAndLocalJars
Maestro on Android emulator (native-debug)	Build the native debug app (development variant)	2026-10-10T06:47:17.5932875Z > Task :expo-modules-core:bundleDebugAar
Maestro on Android emulator (native-debug)	Build the native debug app (development variant)	2026-10-10T06:47:17.5964042Z > Task :expo-modules-core:assembleDebug
Maestro on Android emulator (native-debug)	Build the native debug app (development variant)	2026-10-10T06:47:17.6013945Z > Task :react-native-worklets:assembleDebug
Maestro on Android emulator (native-debug)	Build the native debug app (development variant)	2026-10-10T06:47:17.6944262Z > Task :app:configureCMakeDebug[x86_64]
Maestro on Android emulator (native-debug)	Build the native debug app (development variant)	2026-10-10T06:47:17.6984232Z > Task :react-native-reanimated:buildCMakeDebug[x86_64][reanimated]
Maestro on Android emulator (native-debug)	Build the native debug app (development variant)	2026-10-10T06:47:18.4954374Z > Task :react-native-gesture-handler:configureCMakeDebug[x86_64]
Maestro on Android emulator (native-debug)	Build the native debug app (development variant)	2026-10-10T06:47:37.7925082Z > Task :react-native-reanimated:externalNativeBuildDebug
Maestro on Android emulator (native-debug)	Build the native debug app (development variant)	2026-10-10T06:47:37.8925522Z > Task :react-native-reanimated:prefabDebugPackage
Maestro on Android emulator (native-debug)	Build the native debug app (development variant)	2026-10-10T06:47:38.1944958Z > Task :react-native-reanimated:mergeDebugNativeLibs
Maestro on Android emulator (native-debug)	Build the native debug app (development variant)	2026-10-10T06:47:38.2929153Z > Task :react-native-reanimated:copyDebugJniLibsProjectOnly
Maestro on Android emulator (native-debug)	Build the native debug app (development variant)	2026-10-10T06:47:38.2938146Z > Task :react-native-reanimated:stripDebugDebugSymbols
Maestro on Android emulator (native-debug)	Build the native debug app (development variant)	2026-10-10T06:47:38.4925338Z > Task :react-native-reanimated:copyDebugJniLibsProjectAndLocalJars
Maestro on Android emulator (native-debug)	Build the native debug app (development variant)	2026-10-10T06:47:42.0974355Z > Task :react-native-gesture-handler:buildCMakeDebug[x86_64]
Maestro on Android emulator (native-debug)	Build the native debug app (development variant)	2026-10-10T06:47:42.1064079Z > Task :react-native-gesture-handler:mergeDebugNativeLibs
Maestro on Android emulator (native-debug)	Build the native debug app (development variant)	2026-10-10T06:47:42.1184205Z > Task :react-native-gesture-handler:copyDebugJniLibsProjectOnly
Maestro on Android emulator (native-debug)	Build the native debug app (development variant)	2026-10-10T06:47:42.1934375Z > Task :react-native-gesture-handler:stripDebugDebugSymbols
Maestro on Android emulator (native-debug)	Build the native debug app (development variant)	2026-10-10T06:47:42.1974166Z > Task :react-native-gesture-handler:copyDebugJniLibsProjectAndLocalJars
Maestro on Android emulator (native-debug)	Build the native debug app (development variant)	2026-10-10T06:47:42.2003890Z > Task :react-native-gesture-handler:bundleDebugAar
Maestro on Android emulator (native-debug)	Build the native debug app (development variant)	2026-10-10T06:47:42.2023783Z > Task :react-native-gesture-handler:assembleDebug
Maestro on Android emulator (native-debug)	Build the native debug app (development variant)	2026-10-10T06:47:46.6944308Z > Task :react-native-reanimated:bundleDebugAar
Maestro on Android emulator (native-debug)	Build the native debug app (development variant)	2026-10-10T06:47:46.6973959Z > Task :react-native-reanimated:assembleDebug
Maestro on Android emulator (native-debug)	Build the native debug app (development variant)	2026-10-10T06:48:08.9925957Z > Task :app:buildCMakeDebug[x86_64]
Maestro on Android emulator (native-debug)	Build the native debug app (development variant)	2026-10-10T06:48:26.1929308Z > Task :app:mergeDebugNativeLibs
Maestro on Android emulator (native-debug)	Build the native debug app (development variant)	2026-10-10T06:48:26.5925649Z > Task :app:stripDebugDebugSymbols
Maestro on Android emulator (native-debug)	Build the native debug app (development variant)	2026-10-10T06:48:27.0925639Z > Task :app:packageDebug
Maestro on Android emulator (native-debug)	Build the native debug app (development variant)	2026-10-10T06:48:27.0926097Z > Task :app:createDebugApkListingFileRedirect
Maestro on Android emulator (native-debug)	Build the native debug app (development variant)	2026-10-10T06:48:27.0926415Z > Task :app:assembleDebug
Maestro on Android emulator (native-debug)	Build the native debug app (development variant)	2026-10-10T06:48:27.1925047Z 
Maestro on Android emulator (native-debug)	Build the native debug app (development variant)	2026-10-10T06:48:27.1927107Z [Incubating] Problems report is available at: file:///home/runner/work/react-native-starter/react-native-starter/android/build/reports/problems/problems-report.html
Maestro on Android emulator (native-debug)	Build the native debug app (development variant)	2026-10-10T06:48:27.1927601Z 
Maestro on Android emulator (native-debug)	Build the native debug app (development variant)	2026-10-10T06:48:27.1928195Z Deprecated Gradle features were used in this build, making it incompatible with Gradle 10.
Maestro on Android emulator (native-debug)	Build the native debug app (development variant)	2026-10-10T06:48:27.1928504Z 
Maestro on Android emulator (native-debug)	Build the native debug app (development variant)	2026-10-10T06:48:27.1928887Z You can use '--warning-mode all' to show the individual deprecation warnings and determine if they come from your own scripts or plugins.
Maestro on Android emulator (native-debug)	Build the native debug app (development variant)	2026-10-10T06:48:27.1929152Z 
Maestro on Android emulator (native-debug)	Build the native debug app (development variant)	2026-10-10T06:48:27.1929679Z For more on this, please refer to https://docs.gradle.org/9.3.1/userguide/command_line_interface.html#sec:command_line_warnings in the Gradle documentation.
Maestro on Android emulator (native-debug)	Build the native debug app (development variant)	2026-10-10T06:48:27.1930005Z 
Maestro on Android emulator (native-debug)	Build the native debug app (development variant)	2026-10-10T06:48:27.1930078Z BUILD SUCCESSFUL in 6m 15s
Maestro on Android emulator (native-debug)	Build the native debug app (development variant)	2026-10-10T06:48:27.1930251Z 453 actionable tasks: 453 executed
Maestro on Android emulator (native-debug)	Enable KVM	﻿2026-10-10T06:48:27.7978806Z ##[group]Run echo 'KERNEL=="kvm", GROUP="kvm", MODE="0666", OPTIONS+="static_node=kvm"' | sudo tee /etc/udev/rules.d/99-kvm4all.rules
Maestro on Android emulator (native-debug)	Enable KVM	2026-10-10T06:48:27.7979431Z ^[[36;1mecho 'KERNEL=="kvm", GROUP="kvm", MODE="0666", OPTIONS+="static_node=kvm"' | sudo tee /etc/udev/rules.d/99-kvm4all.rules^[[0m
Maestro on Android emulator (native-debug)	Enable KVM	2026-10-10T06:48:27.7979737Z ^[[36;1msudo udevadm control --reload-rules^[[0m
Maestro on Android emulator (native-debug)	Enable KVM	2026-10-10T06:48:27.7979931Z ^[[36;1msudo udevadm trigger --name-match=kvm^[[0m
Maestro on Android emulator (native-debug)	Enable KVM	2026-10-10T06:48:27.8753011Z shell: /usr/bin/bash -e {0}
Maestro on Android emulator (native-debug)	Enable KVM	2026-10-10T06:48:27.8753237Z env:
Maestro on Android emulator (native-debug)	Enable KVM	2026-10-10T06:48:27.8753351Z   MAESTRO_VERSION: 2.11.0
Maestro on Android emulator (native-debug)	Enable KVM	2026-10-10T06:48:27.8753563Z   MAESTRO_SHA256: 5384593cb4e7a106489e75a821d157dd43f4e438df6bc308b72e82c685e1283a
Maestro on Android emulator (native-debug)	Enable KVM	2026-10-10T06:48:27.8753851Z   JAVA_HOME: /opt/hostedtoolcache/Java_Temurin-Hotspot_jdk/17.0.20-1/x64
Maestro on Android emulator (native-debug)	Enable KVM	2026-10-10T06:48:27.8754111Z   JAVA_HOME_17_X64: /opt/hostedtoolcache/Java_Temurin-Hotspot_jdk/17.0.20-1/x64
Maestro on Android emulator (native-debug)	Enable KVM	2026-10-10T06:48:27.8754329Z   E2E_APP_ID: com.example.rnstarter.dev
Maestro on Android emulator (native-debug)	Enable KVM	2026-10-10T06:48:27.8754489Z   E2E_APP_URL: rnstarter-dev://
Maestro on Android emulator (native-debug)	Enable KVM	2026-10-10T06:48:27.8754663Z ##[endgroup]
Maestro on Android emulator (native-debug)	Enable KVM	2026-10-10T06:48:27.8930163Z KERNEL=="kvm", GROUP="kvm", MODE="0666", OPTIONS+="static_node=kvm"
Maestro on Android emulator (native-debug)	Run the flows on an emulator	﻿2026-10-10T06:48:27.9483983Z ##[group]Run reactivecircus/android-emulator-runner@v2
Maestro on Android emulator (native-debug)	Run the flows on an emulator	2026-10-10T06:48:27.9484181Z with:
Maestro on Android emulator (native-debug)	Run the flows on an emulator	2026-10-10T06:48:27.9484289Z   api-level: 34
Maestro on Android emulator (native-debug)	Run the flows on an emulator	2026-10-10T06:48:27.9484416Z   arch: x86_64
Maestro on Android emulator (native-debug)	Run the flows on an emulator	2026-10-10T06:48:27.9484523Z   target: google_apis
Maestro on Android emulator (native-debug)	Run the flows on an emulator	2026-10-10T06:48:27.9484645Z   disable-animations: true
Maestro on Android emulator (native-debug)	Run the flows on an emulator	2026-10-10T06:48:27.9484809Z   script: adb install -r app.apk
Maestro on Android emulator (native-debug)	Run the flows on an emulator	npm run test:e2e:android
Maestro on Android emulator (native-debug)	Run the flows on an emulator	
Maestro on Android emulator (native-debug)	Run the flows on an emulator	2026-10-10T06:48:27.9484986Z   cores: 2
Maestro on Android emulator (native-debug)	Run the flows on an emulator	2026-10-10T06:48:27.9485090Z   avd-name: test
Maestro on Android emulator (native-debug)	Run the flows on an emulator	2026-10-10T06:48:27.9485203Z   force-avd-creation: true
Maestro on Android emulator (native-debug)	Run the flows on an emulator	2026-10-10T06:48:27.9485333Z   emulator-boot-timeout: 600
Maestro on Android emulator (native-debug)	Run the flows on an emulator	2026-10-10T06:48:27.9485465Z   emulator-port: 5554
Maestro on Android emulator (native-debug)	Run the flows on an emulator	2026-10-10T06:48:27.9485681Z   emulator-options: -no-window -gpu swiftshader_indirect -no-snapshot -noaudio -no-boot-anim
Maestro on Android emulator (native-debug)	Run the flows on an emulator	2026-10-10T06:48:27.9485926Z   disable-spellchecker: false
Maestro on Android emulator (native-debug)	Run the flows on an emulator	2026-10-10T06:48:27.9486065Z   disable-linux-hw-accel: auto
Maestro on Android emulator (native-debug)	Run the flows on an emulator	2026-10-10T06:48:27.9486200Z   enable-hw-keyboard: false
Maestro on Android emulator (native-debug)	Run the flows on an emulator	2026-10-10T06:48:27.9486329Z   channel: stable
Maestro on Android emulator (native-debug)	Run the flows on an emulator	2026-10-10T06:48:27.9486435Z env:
Maestro on Android emulator (native-debug)	Run the flows on an emulator	2026-10-10T06:48:27.9486553Z   MAESTRO_VERSION: 2.11.0
Maestro on Android emulator (native-debug)	Run the flows on an emulator	2026-10-10T06:48:27.9486750Z   MAESTRO_SHA256: 5384593cb4e7a106489e75a821d157dd43f4e438df6bc308b72e82c685e1283a
Maestro on Android emulator (native-debug)	Run the flows on an emulator	2026-10-10T06:48:27.9487024Z   JAVA_HOME: /opt/hostedtoolcache/Java_Temurin-Hotspot_jdk/17.0.20-1/x64
Maestro on Android emulator (native-debug)	Run the flows on an emulator	2026-10-10T06:48:27.9487287Z   JAVA_HOME_17_X64: /opt/hostedtoolcache/Java_Temurin-Hotspot_jdk/17.0.20-1/x64
Maestro on Android emulator (native-debug)	Run the flows on an emulator	2026-10-10T06:48:27.9487502Z   E2E_APP_ID: com.example.rnstarter.dev
Maestro on Android emulator (native-debug)	Run the flows on an emulator	2026-10-10T06:48:27.9487658Z   E2E_APP_URL: rnstarter-dev://
Maestro on Android emulator (native-debug)	Run the flows on an emulator	2026-10-10T06:48:27.9487791Z ##[endgroup]
Maestro on Android emulator (native-debug)	Run the flows on an emulator	2026-10-10T06:48:28.1261486Z ##[group]Configure emulator
Maestro on Android emulator (native-debug)	Run the flows on an emulator	2026-10-10T06:48:28.1262016Z API level: 34
Maestro on Android emulator (native-debug)	Run the flows on an emulator	2026-10-10T06:48:28.1262248Z System image API level: 34
Maestro on Android emulator (native-debug)	Run the flows on an emulator	2026-10-10T06:48:28.1262492Z target: google_apis
Maestro on Android emulator (native-debug)	Run the flows on an emulator	2026-10-10T06:48:28.1262703Z CPU architecture: x86_64
Maestro on Android emulator (native-debug)	Run the flows on an emulator	2026-10-10T06:48:28.1262929Z Hardware profile: 
Maestro on Android emulator (native-debug)	Run the flows on an emulator	2026-10-10T06:48:28.1263124Z Cores: 2
Maestro on Android emulator (native-debug)	Run the flows on an emulator	2026-10-10T06:48:28.1263443Z RAM size: 
Maestro on Android emulator (native-debug)	Run the flows on an emulator	2026-10-10T06:48:28.1264469Z Heap size: 
Maestro on Android emulator (native-debug)	Run the flows on an emulator	2026-10-10T06:48:28.1264725Z SD card path or size: 
Maestro on Android emulator (native-debug)	Run the flows on an emulator	2026-10-10T06:48:28.1264989Z Disk size: 
Maestro on Android emulator (native-debug)	Run the flows on an emulator	2026-10-10T06:48:28.1265169Z AVD name: test
Maestro on Android emulator (native-debug)	Run the flows on an emulator	2026-10-10T06:48:28.1265446Z force avd creation: true
Maestro on Android emulator (native-debug)	Run the flows on an emulator	2026-10-10T06:48:28.1265962Z Emulator boot timeout: 600
Maestro on Android emulator (native-debug)	Run the flows on an emulator	2026-10-10T06:48:28.1266195Z emulator port: 5554
Maestro on Android emulator (native-debug)	Run the flows on an emulator	2026-10-10T06:48:28.1266664Z emulator options: -no-window -gpu swiftshader_indirect -no-snapshot -noaudio -no-boot-anim
Maestro on Android emulator (native-debug)	Run the flows on an emulator	2026-10-10T06:48:28.1267079Z disable animations: true
Maestro on Android emulator (native-debug)	Run the flows on an emulator	2026-10-10T06:48:28.1267316Z disable spellchecker: false
Maestro on Android emulator (native-debug)	Run the flows on an emulator	2026-10-10T06:48:28.1267607Z disable Linux hardware acceleration: false
Maestro on Android emulator (native-debug)	Run the flows on an emulator	2026-10-10T06:48:28.1267907Z enable hardware keyboard: false
Maestro on Android emulator (native-debug)	Run the flows on an emulator	2026-10-10T06:48:28.1268146Z Channel: 0 (stable)
Maestro on Android emulator (native-debug)	Run the flows on an emulator	2026-10-10T06:48:28.1268450Z Script:
Maestro on Android emulator (native-debug)	Run the flows on an emulator	2026-10-10T06:48:28.1268700Z adb install -r app.apk
Maestro on Android emulator (native-debug)	Run the flows on an emulator	2026-10-10T06:48:28.1268961Z npm run test:e2e:android
Maestro on Android emulator (native-debug)	Run the flows on an emulator	2026-10-10T06:48:28.1269230Z Pre emulator launch script:
Maestro on Android emulator (native-debug)	Run the flows on an emulator	2026-10-10T06:48:28.1269666Z ##[endgroup]
Maestro on Android emulator (native-debug)	Run the flows on an emulator	2026-10-10T06:48:28.1270030Z ##[group]Install Android SDK
Maestro on Android emulator (native-debug)	Run the flows on an emulator	2026-10-10T06:48:28.1304641Z [command]/usr/bin/sh -c \yes | sdkmanager --licenses > /dev/null
Maestro on Android emulator (native-debug)	Run the flows on an emulator	2026-10-10T06:48:29.4372798Z Warning: This version only understands SDK XML versions up to 3 but an SDK XML file of version 4 was encountered. This can happen if you use versions of Android Studio and the command-line tools that were released at different times.
Maestro on Android emulator (native-debug)	Run the flows on an emulator	2026-10-10T06:48:30.4405149Z Installing latest build tools, platform tools, and platform.
Maestro on Android emulator (native-debug)	Run the flows on an emulator	2026-10-10T06:48:30.4412706Z [command]/usr/bin/sh -c \sdkmanager --install 'build-tools;37.0.0' platform-tools 'platforms;android-34'> /dev/null
Maestro on Android emulator (native-debug)	Run the flows on an emulator	2026-10-10T06:48:30.7583387Z Warning: This version only understands SDK XML versions up to 3 but an SDK XML file of version 4 was encountered. This can happen if you use versions of Android Studio and the command-line tools that were released at different times.
Maestro on Android emulator (native-debug)	Run the flows on an emulator	2026-10-10T06:48:31.3063607Z Installing latest emulator.
Maestro on Android emulator (native-debug)	Run the flows on an emulator	2026-10-10T06:48:31.3071663Z [command]/usr/bin/sh -c \sdkmanager --install emulator --channel=0 > /dev/null
Maestro on Android emulator (native-debug)	Run the flows on an emulator	2026-10-10T06:48:31.6420430Z Warning: This version only understands SDK XML versions up to 3 but an SDK XML file of version 4 was encountered. This can happen if you use versions of Android Studio and the command-line tools that were released at different times.
Maestro on Android emulator (native-debug)	Run the flows on an emulator	2026-10-10T06:48:42.5102205Z Installing system images.
Maestro on Android emulator (native-debug)	Run the flows on an emulator	2026-10-10T06:48:42.5111484Z [command]/usr/bin/sh -c \sdkmanager --install 'system-images;android-34;google_apis;x86_64' --channel=0 > /dev/null
Maestro on Android emulator (native-debug)	Run the flows on an emulator	2026-10-10T06:48:42.8365182Z Warning: This version only understands SDK XML versions up to 3 but an SDK XML file of version 4 was encountered. This can happen if you use versions of Android Studio and the command-line tools that were released at different times.
Maestro on Android emulator (native-debug)	Run the flows on an emulator	2026-10-10T06:49:21.6318593Z ##[endgroup]
Maestro on Android emulator (native-debug)	Run the flows on an emulator	2026-10-10T06:49:21.6319758Z ##[group]Create AVD
Maestro on Android emulator (native-debug)	Run the flows on an emulator	2026-10-10T06:49:21.6320298Z Creating AVD.
Maestro on Android emulator (native-debug)	Run the flows on an emulator	2026-10-10T06:49:21.6344597Z [command]/usr/bin/sh -c \echo no | avdmanager create avd --force -n test --package 'system-images;android-34;google_apis;x86_64'
Maestro on Android emulator (native-debug)	Run the flows on an emulator	2026-10-10T06:49:21.9855682Z Loading local repository...                                                     
Maestro on Android emulator (native-debug)	Run the flows on an emulator	2026-10-10T06:49:21.9905719Z Warning: This version only understands SDK XML versions up to 3 but an SDK XML file of version 4 was encountered. This can happen if you use versions of Android Studio and the command-line tools that were released at different times.
Maestro on Android emulator (native-debug)	Run the flows on an emulator	2026-10-10T06:49:22.1363330Z [=========                              ] 25% Loading local repository...       
Maestro on Android emulator (native-debug)	Run the flows on an emulator	2026-10-10T06:49:22.1374125Z [=========                              ] 25% Fetch remote repository...        
Maestro on Android emulator (native-debug)	Run the flows on an emulator	2026-10-10T06:49:22.1374802Z [=======================================] 100% Fetch remote repository...       
Maestro on Android emulator (native-debug)	Run the flows on an emulator	2026-10-10T06:49:22.3327606Z Auto-selecting single ABI x86_64
Maestro on Android emulator (native-debug)	Run the flows on an emulator	2026-10-10T06:49:22.3798163Z Do you wish to create a custom hardware profile? [no] [command]/usr/bin/sh -c \printf 'hw.cpu.ncore=2\n' >> /home/runner/.android/avd/test.avd/config.ini
Maestro on Android emulator (native-debug)	Run the flows on an emulator	2026-10-10T06:49:22.3814764Z ##[endgroup]
Maestro on Android emulator (native-debug)	Run the flows on an emulator	2026-10-10T06:49:22.3816553Z ##[group]Launch Emulator
Maestro on Android emulator (native-debug)	Run the flows on an emulator	2026-10-10T06:49:22.3816763Z Starting emulator.
Maestro on Android emulator (native-debug)	Run the flows on an emulator	2026-10-10T06:49:22.3824811Z [command]/usr/bin/sh -c \/usr/local/lib/android/sdk/emulator/emulator -port 5554 -avd test -no-window -gpu swiftshader_indirect -no-snapshot -noaudio -no-boot-anim &
Maestro on Android emulator (native-debug)	Run the flows on an emulator	2026-10-10T06:49:22.4217074Z INFO         | Android emulator version 37.2.12.0 (build_id 16428233) (CL:N/A)
Maestro on Android emulator (native-debug)	Run the flows on an emulator	2026-10-10T06:49:22.4217422Z INFO         | Graphics backend: gfxstream
Maestro on Android emulator (native-debug)	Run the flows on an emulator	2026-10-10T06:49:22.4217764Z INFO         | Found systemPath /usr/local/lib/android/sdk/system-images/android-34/google_apis/x86_64/
Maestro on Android emulator (native-debug)	Run the flows on an emulator	2026-10-10T06:49:22.9580471Z INFO         | Saving last run QEMU version for the AVD to 2
Maestro on Android emulator (native-debug)	Run the flows on an emulator	2026-10-10T06:49:22.9580966Z INFO         | Increasing RAM size to 2560MB
Maestro on Android emulator (native-debug)	Run the flows on an emulator	2026-10-10T06:49:22.9581350Z INFO         | Guest GLES Driver: Auto (ext controls)
Maestro on Android emulator (native-debug)	Run the flows on an emulator	2026-10-10T06:49:22.9581839Z INFO         | emuglConfig_init: vulkan_mode_selected:swiftshader gles_mode_selected:swiftshader
Maestro on Android emulator (native-debug)	Run the flows on an emulator	2026-10-10T06:49:22.9582302Z INFO         | Checking system compatibility:
Maestro on Android emulator (native-debug)	Run the flows on an emulator	2026-10-10T06:49:22.9582536Z INFO         |   Checking: hasSufficientDiskSpace
Maestro on Android emulator (native-debug)	Run the flows on an emulator	2026-10-10T06:49:22.9582843Z INFO         |      Ok: Disk space requirements to run avd: `test` are met
Maestro on Android emulator (native-debug)	Run the flows on an emulator	2026-10-10T06:49:22.9583104Z INFO         |   Checking: hasSufficientHwGpu
Maestro on Android emulator (native-debug)	Run the flows on an emulator	2026-10-10T06:49:22.9583588Z INFO         |      Ok: Hardware GPU compatibility checks are not required
Maestro on Android emulator (native-debug)	Run the flows on an emulator	2026-10-10T06:49:22.9583846Z INFO         |   Checking: hasSufficientSystem
Maestro on Android emulator (native-debug)	Run the flows on an emulator	2026-10-10T06:49:22.9584089Z INFO         |      Ok: System requirements to run avd: `test` are met
Maestro on Android emulator (native-debug)	Run the flows on an emulator	2026-10-10T06:49:22.9584652Z WARNING      | Feature QuickbootFileBacked is disabled due to stability issues, if you really want that, the environment variable ANDROID_EMU_FORCE_QUICKBOOT_FILE_BACKED need to set to 1
Maestro on Android emulator (native-debug)	Run the flows on an emulator	2026-10-10T06:49:22.9585156Z ERROR        | Unable to connect to adb daemon on port: 5037
Maestro on Android emulator (native-debug)	Run the flows on an emulator	2026-10-10T06:49:22.9585564Z INFO         | Storing crashdata in: /tmp/android-runner/emu-crash-37.2.12.db, detection is enabled for process: 4681
Maestro on Android emulator (native-debug)	Run the flows on an emulator	2026-10-10T06:49:22.9585913Z INFO         | Initializing gfxstream backend
Maestro on Android emulator (native-debug)	Run the flows on an emulator	2026-10-10T06:49:22.9692286Z INFO         | startOpenglesRendererImpl: gpu info
Maestro on Android emulator (native-debug)	Run the flows on an emulator	2026-10-10T06:49:22.9692738Z INFO         | 
Maestro on Android emulator (native-debug)	Run the flows on an emulator	2026-10-10T06:49:22.9700490Z INFO         | initIcdPaths: ICD set to 'swiftshader', using Swiftshader ICD
Maestro on Android emulator (native-debug)	Run the flows on an emulator	2026-10-10T06:49:22.9701195Z INFO         | Setting ICD filenames for the loader = /usr/local/lib/android/sdk/emulator/lib64/vulkan/vk_swiftshader_icd.json
Maestro on Android emulator (native-debug)	Run the flows on an emulator	2026-10-10T06:49:22.9704699Z INFO         | SharedLibrary::open for [/usr/local/lib/android/sdk/emulator/qemu/linux-x86_64/lib64/vulkan/libvulkan.so]
Maestro on Android emulator (native-debug)	Run the flows on an emulator	2026-10-10T06:49:22.9705453Z INFO         | SharedLibrary::open for [/usr/local/lib/android/sdk/emulator/qemu/linux-x86_64/lib64/vulkan/libvulkan.so.1]
Maestro on Android emulator (native-debug)	Run the flows on an emulator	2026-10-10T06:49:22.9705877Z INFO         | SharedLibrary::open for [/usr/local/lib/android/sdk/emulator/lib64/vulkan/libvulkan.so]
Maestro on Android emulator (native-debug)	Run the flows on an emulator	2026-10-10T06:49:22.9721680Z INFO         | Added library: /usr/local/lib/android/sdk/emulator/lib64/vulkan/libvulkan.so
Maestro on Android emulator (native-debug)	Run the flows on an emulator	2026-10-10T06:49:22.9842155Z INFO         | Selecting Vulkan device: SwiftShader Device (Subzero), Version: 1.3.0
Maestro on Android emulator (native-debug)	Run the flows on an emulator	2026-10-10T06:49:22.9842593Z INFO         | Using Vulkan externalMemoryMode: OpaqueFd for VkEmulation
Maestro on Android emulator (native-debug)	Run the flows on an emulator	2026-10-10T06:49:23.0038565Z INFO         | Format VK_FORMAT_G10X6_B10X6R10X6_2PLANE_422_UNORM_3PACK16 does not support YCbCr sampler conversion
Maestro on Android emulator (native-debug)	Run the flows on an emulator	2026-10-10T06:49:23.0246837Z INFO         | SharedLibrary::open for [libX11]
Maestro on Android emulator (native-debug)	Run the flows on an emulator	2026-10-10T06:49:23.0251321Z WARNING      | Could not open libX11.so, try libX11.so.6
Maestro on Android emulator (native-debug)	Run the flows on an emulator	2026-10-10T06:49:23.0251718Z INFO         | SharedLibrary::open for [libX11.so.6]
Maestro on Android emulator (native-debug)	Run the flows on an emulator	2026-10-10T06:49:23.0252253Z INFO         | SharedLibrary::open for [libX11-xcb]
Maestro on Android emulator (native-debug)	Run the flows on an emulator	2026-10-10T06:49:23.0252732Z WARNING      | Could not open libX11-xcb.so, try libX11-xcb.so.1
Maestro on Android emulator (native-debug)	Run the flows on an emulator	2026-10-10T06:49:23.0253398Z INFO         | SharedLibrary::open for [libX11-xcb.so.1]
Maestro on Android emulator (native-debug)	Run the flows on an emulator	2026-10-10T06:49:23.0383907Z INFO         | Initializing VkEmulation features:
Maestro on Android emulator (native-debug)	Run the flows on an emulator	2026-10-10T06:49:23.0385577Z INFO         |     glInteropSupported: false
Maestro on Android emulator (native-debug)	Run the flows on an emulator	2026-10-10T06:49:23.0385830Z INFO         |     useDeferredCommands: true
Maestro on Android emulator (native-debug)	Run the flows on an emulator	2026-10-10T06:49:23.0386043Z INFO         |     createResourceWithRequirements: true
Maestro on Android emulator (native-debug)	Run the flows on an emulator	2026-10-10T06:49:23.0386390Z INFO         |     useVulkanComposition: false
Maestro on Android emulator (native-debug)	Run the flows on an emulator	2026-10-10T06:49:23.0386768Z INFO         |     useVulkanNativeSwapchain: false
Maestro on Android emulator (native-debug)	Run the flows on an emulator	2026-10-10T06:49:23.0387328Z INFO         |     enable guestRenderDoc: false
Maestro on Android emulator (native-debug)	Run the flows on an emulator	2026-10-10T06:49:23.0387684Z INFO         |     ASTC LDR emulation mode: Gpu
Maestro on Android emulator (native-debug)	Run the flows on an emulator	2026-10-10T06:49:23.0388032Z INFO         |     enable ETC2 emulation: true
Maestro on Android emulator (native-debug)	Run the flows on an emulator	2026-10-10T06:49:23.0388382Z INFO         |     enable Ycbcr emulation: false
Maestro on Android emulator (native-debug)	Run the flows on an emulator	2026-10-10T06:49:23.0388725Z INFO         |     guestVulkanOnly: false
Maestro on Android emulator (native-debug)	Run the flows on an emulator	2026-10-10T06:49:23.0389086Z INFO         |     useDedicatedAllocations: false
Maestro on Android emulator (native-debug)	Run the flows on an emulator	2026-10-10T06:49:23.0389455Z INFO         |     guestVulkanMaxApiVersion: 1.3.0
Maestro on Android emulator (native-debug)	Run the flows on an emulator	2026-10-10T06:49:23.0389842Z INFO         |     enableProtectedMemoryEmulation: false
Maestro on Android emulator (native-debug)	Run the flows on an emulator	2026-10-10T06:49:23.0390284Z INFO         | Graphics Adapter Vendor Google (Google Inc.)
Maestro on Android emulator (native-debug)	Run the flows on an emulator	2026-10-10T06:49:23.0390751Z INFO         | Graphics Adapter Android Emulator OpenGL ES Translator (Google SwiftShader)
Maestro on Android emulator (native-debug)	Run the flows on an emulator	2026-10-10T06:49:23.0391339Z INFO         | Graphics API Version OpenGL ES 3.0 (OpenGL ES 3.0 SwiftShader 4.0.0.1)
Maestro on Android emulator (native-debug)	Run the flows on an emulator	2026-10-10T06:49:23.0394058Z INFO         | Graphics API Extensions GL_OES_EGL_sync GL_OES_EGL_image GL_OES_EGL_image_external GL_OES_depth24 GL_OES_depth32 GL_OES_element_index_uint GL_OES_texture_float GL_OES_texture_float_linear GL_OES_compressed_paletted_texture GL_OES_compressed_ETC1_RGB8_texture GL_OES_depth_texture GL_OES_texture_half_float GL_OES_texture_half_float_linear GL_OES_packed_depth_stencil GL_OES_vertex_half_float GL_OES_standard_derivatives GL_OES_texture_npot GL_OES_rgb8_rgba8 GL_EXT_color_buffer_float GL_EXT_color_buffer_half_float GL_EXT_texture_format_BGRA8888 GL_APPLE_texture_format_BGRA8888 
Maestro on Android emulator (native-debug)	Run the flows on an emulator	2026-10-10T06:49:23.0395471Z INFO         | Graphics Device Extensions N/A
Maestro on Android emulator (native-debug)	Run the flows on an emulator	2026-10-10T06:49:23.0395717Z INFO         | Disabling sparse binding feature support
Maestro on Android emulator (native-debug)	Run the flows on an emulator	2026-10-10T06:49:23.0430347Z INFO         | Sending adb public key [QAAAAEGFfAI/9dReZzEbepscbT8cJjCxSEjdztpS/ebzvftRBr91cUU3xuBnziSzjkRAbJB8j2YF/BIVD93QvoI6k1+3uNT+Eee8zIq146HT1EUxoB47dd3RtxYvvXIiMtzutKdoUS0Nwej60G4JvimlJNOSSVQD/t/SxQaLCsEceKC1FfGKto3KY+Jnw0Zi58QBuLbj/TArixdSIuU9mG1AfcQZaZgQSajWpETH3rL4A0YXhdj09/PuxFicTzttTdoZ1E6kzT5wLzu4YUCjYXw7QkhBn929KD9V3e9wr9//gHB9EfQwZ40uz6qDNcHZJQA/T6VvPk/izN4GWdPJf48usCXnGBeqJriKu/mzxlLjgJPiabQ0SxeaOMBK4izR+POngBfNzXQA34Vu2RIsrzW9Nj5FDyq0jKe48UTJf/u3FwnGPFlCmVS84aAbpWzeKd21mpG6i7PMvPJ0xqgn+NZxvBLLj2fDIwSq8mMfJo/0xRdxJ+B/7BMJa+7PEegKmHkCjEedSbvi9Q+gDyspEsgNmrO6Do5htq+UGS/YGr0nUX/Koauv7/03ICwX8R3IP0rPyRUFv/ThftI1vNTk/mHIlBkpVo/3bcKLWDGRFV/YO/qmGQxKyO6H0fzGfBNd2Fcd7vDosfXNocvs7wMaLaPr5Bp3nnfo4JVB9A1PS3SJjmbH+eOsLgEAAQA= runner@unknown]
Maestro on Android emulator (native-debug)	Run the flows on an emulator	2026-10-10T06:49:23.0433790Z INFO         | Userspace boot properties:
Maestro on Android emulator (native-debug)	Run the flows on an emulator	2026-10-10T06:49:23.0434139Z INFO         |   androidboot.boot_devices=pci0000:00/0000:00:03.0 pci0000:00/0000:00:06.0
Maestro on Android emulator (native-debug)	Run the flows on an emulator	2026-10-10T06:49:23.0434593Z INFO         |   androidboot.dalvik.vm.heapsize=576m
Maestro on Android emulator (native-debug)	Run the flows on an emulator	2026-10-10T06:49:23.0434970Z INFO         |   androidboot.debug.hwui.renderer=skiagl
Maestro on Android emulator (native-debug)	Run the flows on an emulator	2026-10-10T06:49:23.0435357Z INFO         |   androidboot.debug.sf.nobootanimation=1
Maestro on Android emulator (native-debug)	Run the flows on an emulator	2026-10-10T06:49:23.0435698Z INFO         |   androidboot.hardware=ranchu
Maestro on Android emulator (native-debug)	Run the flows on an emulator	2026-10-10T06:49:23.0435916Z INFO         |   androidboot.hardware.gltransport=pipe
Maestro on Android emulator (native-debug)	Run the flows on an emulator	2026-10-10T06:49:23.0436132Z INFO         |   androidboot.hardware.vulkan=ranchu
Maestro on Android emulator (native-debug)	Run the flows on an emulator	2026-10-10T06:49:23.0436325Z INFO         |   androidboot.logcat=*:V
Maestro on Android emulator (native-debug)	Run the flows on an emulator	2026-10-10T06:49:23.0436522Z INFO         |   androidboot.opengles.version=196608
Maestro on Android emulator (native-debug)	Run the flows on an emulator	2026-10-10T06:49:23.0436712Z INFO         |   androidboot.qemu=1
Maestro on Android emulator (native-debug)	Run the flows on an emulator	2026-10-10T06:49:23.0439206Z INFO         |   androidboot.qemu.adb.pubkey=QAAAAEGFfAI/9dReZzEbepscbT8cJjCxSEjdztpS/ebzvftRBr91cUU3xuBnziSzjkRAbJB8j2YF/BIVD93QvoI6k1+3uNT+Eee8zIq146HT1EUxoB47dd3RtxYvvXIiMtzutKdoUS0Nwej60G4JvimlJNOSSVQD/t/SxQaLCsEceKC1FfGKto3KY+Jnw0Zi58QBuLbj/TArixdSIuU9mG1AfcQZaZgQSajWpETH3rL4A0YXhdj09/PuxFicTzttTdoZ1E6kzT5wLzu4YUCjYXw7QkhBn929KD9V3e9wr9//gHB9EfQwZ40uz6qDNcHZJQA/T6VvPk/izN4GWdPJf48usCXnGBeqJriKu/mzxlLjgJPiabQ0SxeaOMBK4izR+POngBfNzXQA34Vu2RIsrzW9Nj5FDyq0jKe48UTJf/u3FwnGPFlCmVS84aAbpWzeKd21mpG6i7PMvPJ0xqgn+NZxvBLLj2fDIwSq8mMfJo/0xRdxJ+B/7BMJa+7PEegKmHkCjEedSbvi9Q+gDyspEsgNmrO6Do5htq+UGS/YGr0nUX/Koauv7/03ICwX8R3IP0rPyRUFv/ThftI1vNTk/mHIlBkpVo/3bcKLWDGRFV/YO/qmGQxKyO6H0fzGfBNd2Fcd7vDosfXNocvs7wMaLaPr5Bp3nnfo4JVB9A1PS3SJjmbH+eOsLgEAAQA= runner@unknown
Maestro on Android emulator (native-debug)	Run the flows on an emulator	2026-10-10T06:49:23.0441641Z INFO         |   androidboot.qemu.avd_name=test
Maestro on Android emulator (native-debug)	Run the flows on an emulator	2026-10-10T06:49:23.0442013Z INFO         |   androidboot.qemu.camera_hq_edge_processing=0
Maestro on Android emulator (native-debug)	Run the flows on an emulator	2026-10-10T06:49:23.0442296Z INFO         |   androidboot.qemu.camera_protocol_ver=1
Maestro on Android emulator (native-debug)	Run the flows on an emulator	2026-10-10T06:49:23.0442521Z INFO         |   androidboot.qemu.cpuvulkan.version=4206592
Maestro on Android emulator (native-debug)	Run the flows on an emulator	2026-10-10T06:49:23.0442775Z INFO         |   androidboot.qemu.gltransport.drawFlushInterval=800
Maestro on Android emulator (native-debug)	Run the flows on an emulator	2026-10-10T06:49:23.0443283Z INFO         |   androidboot.qemu.gltransport.name=pipe
Maestro on Android emulator (native-debug)	Run the flows on an emulator	2026-10-10T06:49:23.0443637Z INFO         |   androidboot.qemu.hwcodec.avcdec=2
Maestro on Android emulator (native-debug)	Run the flows on an emulator	2026-10-10T06:49:23.0443919Z INFO         |   androidboot.qemu.hwcodec.hevcdec=2
Maestro on Android emulator (native-debug)	Run the flows on an emulator	2026-10-10T06:49:23.0444128Z INFO         |   androidboot.qemu.hwcodec.vpxdec=2
Maestro on Android emulator (native-debug)	Run the flows on an emulator	2026-10-10T06:49:23.0444397Z INFO         |   androidboot.qemu.settings.system.screen_off_timeout=2147483647
Maestro on Android emulator (native-debug)	Run the flows on an emulator	2026-10-10T06:49:23.0444652Z INFO         |   androidboot.qemu.skin=320x640
Maestro on Android emulator (native-debug)	Run the flows on an emulator	2026-10-10T06:49:23.0444847Z INFO         |   androidboot.qemu.virtiowifi=1
Maestro on Android emulator (native-debug)	Run the flows on an emulator	2026-10-10T06:49:23.0445041Z INFO         |   androidboot.qemu.vsync=60
Maestro on Android emulator (native-debug)	Run the flows on an emulator	2026-10-10T06:49:23.0445243Z INFO         |   androidboot.serialno=EMULATOR37X2X12X0
Maestro on Android emulator (native-debug)	Run the flows on an emulator	2026-10-10T06:49:23.0445709Z INFO         |   androidboot.vbmeta.digest=451e57ed688ff746d2c636d52169ade253e2bc5bb30a5c3ff23679ca15d3bcd3
Maestro on Android emulator (native-debug)	Run the flows on an emulator	2026-10-10T06:49:23.0446224Z INFO         |   androidboot.vbmeta.hash_alg=sha256
Maestro on Android emulator (native-debug)	Run the flows on an emulator	2026-10-10T06:49:23.0446427Z INFO         |   androidboot.vbmeta.size=6656
Maestro on Android emulator (native-debug)	Run the flows on an emulator	2026-10-10T06:49:23.0446681Z INFO         |   androidboot.veritymode=enforcing
Maestro on Android emulator (native-debug)	Run the flows on an emulator	2026-10-10T06:49:23.0633716Z WARNING: cannnot unmap ptr 0x7f105b801000 as it is in the protected range from 0x7f0fbb800000 to 0x7f105ba00000
Maestro on Android emulator (native-debug)	Run the flows on an emulator	2026-10-10T06:49:23.1114258Z INFO         | Monitoring duration of emulator setup.
Maestro on Android emulator (native-debug)	Run the flows on an emulator	2026-10-10T06:49:24.0855700Z INFO         | Successfully initialized netsim WiFi
Maestro on Android emulator (native-debug)	Run the flows on an emulator	2026-10-10T06:49:24.0856070Z INFO         | Activated packet streamer for bluetooth emulation
Maestro on Android emulator (native-debug)	Run the flows on an emulator	2026-10-10T06:49:24.0885957Z INFO         | Setting display: 0 configuration to: 320x640, dpi: 160x160 
Maestro on Android emulator (native-debug)	Run the flows on an emulator	2026-10-10T06:49:24.0886353Z INFO         | setDisplayActiveConfig: id:0, 320x640
Maestro on Android emulator (native-debug)	Run the flows on an emulator	2026-10-10T06:49:24.0890681Z INFO         | emulatorSetupEnvironment: Environment scene is not required
Maestro on Android emulator (native-debug)	Run the flows on an emulator	2026-10-10T06:49:24.0939242Z USER_INFO    | Emulator is performing a full startup. This may take upto two minutes, or more.
Maestro on Android emulator (native-debug)	Run the flows on an emulator	2026-10-10T06:49:24.0944978Z WARNING      | Failed to process .ini file /home/runner/.android/emu-update-last-check.ini for reading.
Maestro on Android emulator (native-debug)	Run the flows on an emulator	2026-10-10T06:49:24.3288849Z WARNING      | Failed to process .ini file /home/runner/.android/emu-update-last-check.ini for reading.
Maestro on Android emulator (native-debug)	Run the flows on an emulator	2026-10-10T06:49:32.3893577Z [command]/usr/local/lib/android/sdk/platform-tools/adb -s emulator-5554 shell getprop sys.boot_completed
Maestro on Android emulator (native-debug)	Run the flows on an emulator	2026-10-10T06:49:32.3923633Z * daemon not running; starting now at tcp:5037
Maestro on Android emulator (native-debug)	Run the flows on an emulator	2026-10-10T06:49:32.4771776Z * daemon started successfully
Maestro on Android emulator (native-debug)	Run the flows on an emulator	2026-10-10T06:49:32.4787106Z adb: device offline
Maestro on Android emulator (native-debug)	Run the flows on an emulator	2026-10-10T06:49:32.4792742Z The process '/usr/local/lib/android/sdk/platform-tools/adb' failed with exit code 1
Maestro on Android emulator (native-debug)	Run the flows on an emulator	2026-10-10T06:49:34.4835258Z [command]/usr/local/lib/android/sdk/platform-tools/adb -s emulator-5554 shell getprop sys.boot_completed
Maestro on Android emulator (native-debug)	Run the flows on an emulator	2026-10-10T06:49:34.4878751Z adb: device offline
Maestro on Android emulator (native-debug)	Run the flows on an emulator	2026-10-10T06:49:34.4881775Z The process '/usr/local/lib/android/sdk/platform-tools/adb' failed with exit code 1
Maestro on Android emulator (native-debug)	Run the flows on an emulator	2026-10-10T06:49:36.4924747Z [command]/usr/local/lib/android/sdk/platform-tools/adb -s emulator-5554 shell getprop sys.boot_completed
Maestro on Android emulator (native-debug)	Run the flows on an emulator	2026-10-10T06:49:36.5193024Z 
Maestro on Android emulator (native-debug)	Run the flows on an emulator	2026-10-10T06:49:38.5305375Z [command]/usr/local/lib/android/sdk/platform-tools/adb -s emulator-5554 shell getprop sys.boot_completed
Maestro on Android emulator (native-debug)	Run the flows on an emulator	2026-10-10T06:49:38.5530417Z 
Maestro on Android emulator (native-debug)	Run the flows on an emulator	2026-10-10T06:49:40.5585489Z [command]/usr/local/lib/android/sdk/platform-tools/adb -s emulator-5554 shell getprop sys.boot_completed
Maestro on Android emulator (native-debug)	Run the flows on an emulator	2026-10-10T06:49:40.5775373Z 
Maestro on Android emulator (native-debug)	Run the flows on an emulator	2026-10-10T06:49:42.5838644Z [command]/usr/local/lib/android/sdk/platform-tools/adb -s emulator-5554 shell getprop sys.boot_completed
Maestro on Android emulator (native-debug)	Run the flows on an emulator	2026-10-10T06:49:42.6013850Z 
Maestro on Android emulator (native-debug)	Run the flows on an emulator	2026-10-10T06:49:44.6041711Z [command]/usr/local/lib/android/sdk/platform-tools/adb -s emulator-5554 shell getprop sys.boot_completed
Maestro on Android emulator (native-debug)	Run the flows on an emulator	2026-10-10T06:49:44.6235773Z 
Maestro on Android emulator (native-debug)	Run the flows on an emulator	2026-10-10T06:49:46.6302085Z [command]/usr/local/lib/android/sdk/platform-tools/adb -s emulator-5554 shell getprop sys.boot_completed
Maestro on Android emulator (native-debug)	Run the flows on an emulator	2026-10-10T06:49:46.6469985Z 
Maestro on Android emulator (native-debug)	Run the flows on an emulator	2026-10-10T06:49:48.6514940Z [command]/usr/local/lib/android/sdk/platform-tools/adb -s emulator-5554 shell getprop sys.boot_completed
Maestro on Android emulator (native-debug)	Run the flows on an emulator	2026-10-10T06:49:48.6741215Z 
Maestro on Android emulator (native-debug)	Run the flows on an emulator	2026-10-10T06:49:50.6774835Z [command]/usr/local/lib/android/sdk/platform-tools/adb -s emulator-5554 shell getprop sys.boot_completed
Maestro on Android emulator (native-debug)	Run the flows on an emulator	2026-10-10T06:49:50.7068888Z 
Maestro on Android emulator (native-debug)	Run the flows on an emulator	2026-10-10T06:49:52.7130951Z [command]/usr/local/lib/android/sdk/platform-tools/adb -s emulator-5554 shell getprop sys.boot_completed
Maestro on Android emulator (native-debug)	Run the flows on an emulator	2026-10-10T06:49:52.7443989Z 
Maestro on Android emulator (native-debug)	Run the flows on an emulator	2026-10-10T06:49:54.7507565Z [command]/usr/local/lib/android/sdk/platform-tools/adb -s emulator-5554 shell getprop sys.boot_completed
Maestro on Android emulator (native-debug)	Run the flows on an emulator	2026-10-10T06:49:54.7954791Z 1
Maestro on Android emulator (native-debug)	Run the flows on an emulator	2026-10-10T06:49:54.7964450Z Emulator booted.
Maestro on Android emulator (native-debug)	Run the flows on an emulator	2026-10-10T06:49:54.7989649Z [command]/usr/local/lib/android/sdk/platform-tools/adb -s emulator-5554 shell input keyevent 82
Maestro on Android emulator (native-debug)	Run the flows on an emulator	2026-10-10T06:49:54.8590569Z Disabling animations.
Maestro on Android emulator (native-debug)	Run the flows on an emulator	2026-10-10T06:49:54.8619435Z [command]/usr/local/lib/android/sdk/platform-tools/adb -s emulator-5554 shell settings put global window_animation_scale 0.0
Maestro on Android emulator (native-debug)	Run the flows on an emulator	2026-10-10T06:49:54.8935541Z INFO         | Boot completed in 32420 ms
Maestro on Android emulator (native-debug)	Run the flows on an emulator	2026-10-10T06:49:54.8938437Z INFO         | Increasing screen off timeout, logcat buffer size to 2M.
Maestro on Android emulator (native-debug)	Run the flows on an emulator	2026-10-10T06:49:55.0062558Z [command]/usr/local/lib/android/sdk/platform-tools/adb -s emulator-5554 shell settings put global transition_animation_scale 0.0
Maestro on Android emulator (native-debug)	Run the flows on an emulator	2026-10-10T06:49:55.0698962Z [command]/usr/local/lib/android/sdk/platform-tools/adb -s emulator-5554 shell settings put global animator_duration_scale 0.0
Maestro on Android emulator (native-debug)	Run the flows on an emulator	2026-10-10T06:49:55.1088035Z ##[endgroup]
Maestro on Android emulator (native-debug)	Run the flows on an emulator	2026-10-10T06:49:55.1133972Z [command]/usr/bin/sh -c adb install -r app.apk
Maestro on Android emulator (native-debug)	Run the flows on an emulator	2026-10-10T06:49:58.9325598Z Performing Streamed Install
Maestro on Android emulator (native-debug)	Run the flows on an emulator	2026-10-10T06:49:58.9366679Z Success
Maestro on Android emulator (native-debug)	Run the flows on an emulator	2026-10-10T06:49:58.9395846Z [command]/usr/bin/sh -c npm run test:e2e:android
Maestro on Android emulator (native-debug)	Run the flows on an emulator	2026-10-10T06:49:59.0953947Z 
Maestro on Android emulator (native-debug)	Run the flows on an emulator	2026-10-10T06:49:59.0955840Z > react-native-starter@1.0.0 test:e2e:android
Maestro on Android emulator (native-debug)	Run the flows on an emulator	2026-10-10T06:49:59.0956542Z > bash scripts/e2e/run.sh android
Maestro on Android emulator (native-debug)	Run the flows on an emulator	2026-10-10T06:49:59.0956853Z 
Maestro on Android emulator (native-debug)	Run the flows on an emulator	2026-10-10T06:50:03.1768207Z Bundling for android...
Maestro on Android emulator (native-debug)	Run the flows on an emulator	2026-10-10T06:50:23.6212194Z Anonymous analytics enabled. To opt out, set MAESTRO_CLI_NO_ANALYTICS environment variable to any value before running Maestro.
Maestro on Android emulator (native-debug)	Run the flows on an emulator	2026-10-10T06:50:23.6214596Z 
Maestro on Android emulator (native-debug)	Run the flows on an emulator	2026-10-10T06:50:28.5700315Z 
Maestro on Android emulator (native-debug)	Run the flows on an emulator	2026-10-10T06:50:28.5704277Z Requested 1 shards, but it cannot be higher than the number of flows (0). Will use 1 shards instead.
Maestro on Android emulator (native-debug)	Run the flows on an emulator	2026-10-10T06:50:32.0126481Z 
Maestro on Android emulator (native-debug)	Run the flows on an emulator	2026-10-10T06:50:32.0127100Z Waiting for flows to complete...
Maestro on Android emulator (native-debug)	Run the flows on an emulator	2026-10-10T06:50:55.1747301Z ERROR        | Failed to find ColorBuffer: 146
Maestro on Android emulator (native-debug)	Run the flows on an emulator	2026-10-10T06:50:55.1748156Z ERROR        | Failed to bind to texture: invalid color buffer.
Maestro on Android emulator (native-debug)	Run the flows on an emulator	2026-10-10T06:51:09.4754885Z [Passed] Cold start opens Home (37s)
Maestro on Android emulator (native-debug)	Run the flows on an emulator	2026-10-10T06:51:41.6212672Z [Passed] Back from Login returns Home (32s)
Maestro on Android emulator (native-debug)	Run the flows on an emulator	2026-10-10T06:52:03.3388131Z [Passed] Tab navigation (22s)
Maestro on Android emulator (native-debug)	Run the flows on an emulator	2026-10-10T06:52:03.4397682Z ERROR        | Failed to find ColorBuffer: 265
Maestro on Android emulator (native-debug)	Run the flows on an emulator	2026-10-10T06:52:03.4399200Z ERROR        | Failed to bind to texture: invalid color buffer.
Maestro on Android emulator (native-debug)	Run the flows on an emulator	2026-10-10T06:53:28.4158488Z [Passed] Sign-in session survives a relaunch; logout clears it (1m 25s)
Maestro on Android emulator (native-debug)	Run the flows on an emulator	2026-10-10T06:54:13.4908091Z ERROR        | Failed to find ColorBuffer: 405
Maestro on Android emulator (native-debug)	Run the flows on an emulator	2026-10-10T06:54:13.4908551Z ERROR        | Failed to bind to texture: invalid color buffer.
Maestro on Android emulator (native-debug)	Run the flows on an emulator	2026-10-10T06:54:15.8764458Z [Passed] Login keyboard return keys (47s)
Maestro on Android emulator (native-debug)	Run the flows on an emulator	2026-10-10T06:54:35.5645011Z ERROR        | Failed to find ColorBuffer: 441
Maestro on Android emulator (native-debug)	Run the flows on an emulator	2026-10-10T06:54:35.5645377Z ERROR        | Failed to bind to texture: invalid color buffer.
Maestro on Android emulator (native-debug)	Run the flows on an emulator	2026-10-10T06:54:40.6797877Z [Passed] Explore error state and Retry (25s)
Maestro on Android emulator (native-debug)	Run the flows on an emulator	2026-10-10T06:54:40.6843662Z 
Maestro on Android emulator (native-debug)	Run the flows on an emulator	2026-10-10T06:54:40.6844098Z 6/6 Flows Passed in 4m 9s
Maestro on Android emulator (native-debug)	Run the flows on an emulator	2026-10-10T06:54:40.6844641Z 
Maestro on Android emulator (native-debug)	Run the flows on an emulator	2026-10-10T06:54:46.4144388Z Running on test
Maestro on Android emulator (native-debug)	Run the flows on an emulator	2026-10-10T06:54:46.4155333Z  > Flow Dark mode screenshots
Maestro on Android emulator (native-debug)	Run the flows on an emulator	2026-10-10T06:54:47.1677113Z Run subflows/open-app.yaml...
Maestro on Android emulator (native-debug)	Run the flows on an emulator	2026-10-10T06:54:47.2004477Z   Run flow when ${CLEAR_STATE == 'true'} is true...
Maestro on Android emulator (native-debug)	Run the flows on an emulator	2026-10-10T06:54:47.2066923Z   Run flow when false is true... SKIPPED
Maestro on Android emulator (native-debug)	Run the flows on an emulator	2026-10-10T06:54:47.8648656Z   Launch app "${APP_ID}"... COMPLETED
Maestro on Android emulator (native-debug)	Run the flows on an emulator	2026-10-10T06:54:48.6799400Z   Open ${APP_URL}... COMPLETED
Maestro on Android emulator (native-debug)	Run the flows on an emulator	2026-10-10T06:54:48.6807870Z   Repeat while id: tab-home is not visible (up to 10 times)...
Maestro on Android emulator (native-debug)	Run the flows on an emulator	2026-10-10T06:54:49.3080684Z ERROR        | Failed to find ColorBuffer: 460
Maestro on Android emulator (native-debug)	Run the flows on an emulator	2026-10-10T06:54:49.3082770Z ERROR        | Failed to bind to texture: invalid color buffer.
Maestro on Android emulator (native-debug)	Run the flows on an emulator	2026-10-10T06:54:52.4113717Z     Assert that (Optional) id: tab-home is visible... COMPLETED
Maestro on Android emulator (native-debug)	Run the flows on an emulator	2026-10-10T06:54:52.4115026Z     Run flow when Platform is IOS and "Open in .*" is visible...
Maestro on Android emulator (native-debug)	Run the flows on an emulator	2026-10-10T06:54:52.4122506Z     Run flow when Platform is IOS and "Open in .*" is visible... SKIPPED
Maestro on Android emulator (native-debug)	Run the flows on an emulator	2026-10-10T06:54:52.4138183Z     Run flow when "Development servers" is visible...
Maestro on Android emulator (native-debug)	Run the flows on an emulator	2026-10-10T06:54:55.8545374Z     Run flow when "Development servers" is visible... SKIPPED
Maestro on Android emulator (native-debug)	Run the flows on an emulator	2026-10-10T06:54:56.4482945Z     Tap on (Optional) "Wait"... WARNED
Maestro on Android emulator (native-debug)	Run the flows on an emulator	2026-10-10T06:54:56.7896801Z     Tap on (Optional) "Continue"... WARNED
Maestro on Android emulator (native-debug)	Run the flows on an emulator	2026-10-10T06:54:56.7897541Z     Run flow when Platform is ANDROID and "Go home" is visible...
Maestro on Android emulator (native-debug)	Run the flows on an emulator	2026-10-10T06:54:57.0139541Z     Run flow when Platform is ANDROID and "Go home" is visible... SKIPPED
Maestro on Android emulator (native-debug)	Run the flows on an emulator	2026-10-10T06:54:57.0144683Z     Run flow when Platform is IOS and "Go home" is visible...
Maestro on Android emulator (native-debug)	Run the flows on an emulator	2026-10-10T06:54:57.0163994Z     Run flow when Platform is IOS and "Go home" is visible... SKIPPED
Maestro on Android emulator (native-debug)	Run the flows on an emulator	2026-10-10T06:54:57.1808627Z     Wait for animation to end... COMPLETED
Maestro on Android emulator (native-debug)	Run the flows on an emulator	2026-10-10T06:55:04.2309027Z   Repeat while id: tab-home is not visible (up to 10 times)... COMPLETED
Maestro on Android emulator (native-debug)	Run the flows on an emulator	2026-10-10T06:55:04.3528817Z   Assert that "Session" is visible... COMPLETED
Maestro on Android emulator (native-debug)	Run the flows on an emulator	2026-10-10T06:55:04.3530096Z Run subflows/open-app.yaml... COMPLETED
Maestro on Android emulator (native-debug)	Run the flows on an emulator	2026-10-10T06:55:04.4058169Z Take screenshot dark-home... COMPLETED
Maestro on Android emulator (native-debug)	Run the flows on an emulator	2026-10-10T06:55:06.7990946Z Tap on id: tab-explore... COMPLETED
Maestro on Android emulator (native-debug)	Run the flows on an emulator	2026-10-10T06:55:06.9236200Z Assert that "API Example" is visible... COMPLETED
Maestro on Android emulator (native-debug)	Run the flows on an emulator	2026-10-10T06:55:06.9764376Z Take screenshot dark-explore... COMPLETED
Maestro on Android emulator (native-debug)	Run the flows on an emulator	2026-10-10T06:55:09.0068608Z Tap on id: tab-home... COMPLETED
Maestro on Android emulator (native-debug)	Run the flows on an emulator	2026-10-10T06:55:10.4575556Z ##[group]Terminate Emulator
Maestro on Android emulator (native-debug)	Run the flows on an emulator	2026-10-10T06:55:10.4584837Z [command]/usr/local/lib/android/sdk/platform-tools/adb -s emulator-5554 emu kill
Maestro on Android emulator (native-debug)	Run the flows on an emulator	2026-10-10T06:55:10.4610409Z OK: killing emulator, bye bye
Maestro on Android emulator (native-debug)	Run the flows on an emulator	2026-10-10T06:55:10.4645845Z OK
Maestro on Android emulator (native-debug)	Run the flows on an emulator	2026-10-10T06:55:10.4646725Z ##[endgroup]
Maestro on Android emulator (native-debug)	Run the flows on an emulator	2026-10-10T06:55:10.4647728Z INFO         | Wait for emulator (pid 4681) 20 seconds to shutdown gracefully before kill;you can set environment variable ANDROID_EMULATOR_WAIT_TIME_BEFORE_KILL(in seconds) to change the default value (20 seconds)
Maestro on Android emulator (native-debug)	Run the flows on an emulator	2026-10-10T06:55:10.4648576Z 
Maestro on Android emulator (native-debug)	Run the flows on an emulator	2026-10-10T06:55:10.4836683Z USER_INFO    | Snapshots have been disabled by the user, save request is ignored.
Maestro on Android emulator (native-debug)	Run the flows on an emulator	2026-10-10T06:55:10.4837256Z INFO         | Saving snapshot 'default_boot' took 0 ms
Maestro on Android emulator (native-debug)	Run the flows on an emulator	2026-10-10T06:55:11.1703813Z ERROR        | stop: Not implemented
Maestro on Android emulator (native-debug)	Run the flows on an emulator	2026-10-10T06:55:11.1704429Z WARNING      | Emulator client has not yet been configured.. Call configure me first!
Maestro on Android emulator (native-debug)	Run the flows on an emulator	2026-10-10T06:55:11.2376063Z INFO         | removeAll
Maestro on Android emulator (native-debug)	Run the flows on an emulator	2026-10-10T06:55:11.2848504Z WARNING      | Netsim Wifi dns:///localhost:35073 is gone due to Stream removed (CANCELLED)
Maestro on Android emulator (native-debug)	Upload Maestro results	﻿2026-10-10T06:55:11.9009801Z ##[group]Run actions/upload-artifact@v4
Maestro on Android emulator (native-debug)	Upload Maestro results	2026-10-10T06:55:11.9009970Z with:
Maestro on Android emulator (native-debug)	Upload Maestro results	2026-10-10T06:55:11.9010094Z   name: e2e-android-native-debug-results
Maestro on Android emulator (native-debug)	Upload Maestro results	2026-10-10T06:55:11.9010254Z   path: e2e-results/android
Maestro on Android emulator (native-debug)	Upload Maestro results	2026-10-10T06:55:11.9010390Z   if-no-files-found: ignore
Maestro on Android emulator (native-debug)	Upload Maestro results	2026-10-10T06:55:11.9010518Z   compression-level: 6
Maestro on Android emulator (native-debug)	Upload Maestro results	2026-10-10T06:55:11.9010636Z   overwrite: false
Maestro on Android emulator (native-debug)	Upload Maestro results	2026-10-10T06:55:11.9010755Z   include-hidden-files: false
Maestro on Android emulator (native-debug)	Upload Maestro results	2026-10-10T06:55:11.9010886Z env:
Maestro on Android emulator (native-debug)	Upload Maestro results	2026-10-10T06:55:11.9010990Z   MAESTRO_VERSION: 2.11.0
Maestro on Android emulator (native-debug)	Upload Maestro results	2026-10-10T06:55:11.9011186Z   MAESTRO_SHA256: 5384593cb4e7a106489e75a821d157dd43f4e438df6bc308b72e82c685e1283a
Maestro on Android emulator (native-debug)	Upload Maestro results	2026-10-10T06:55:11.9011582Z   JAVA_HOME: /opt/hostedtoolcache/Java_Temurin-Hotspot_jdk/17.0.20-1/x64
Maestro on Android emulator (native-debug)	Upload Maestro results	2026-10-10T06:55:11.9011840Z   JAVA_HOME_17_X64: /opt/hostedtoolcache/Java_Temurin-Hotspot_jdk/17.0.20-1/x64
Maestro on Android emulator (native-debug)	Upload Maestro results	2026-10-10T06:55:11.9012050Z   E2E_APP_ID: com.example.rnstarter.dev
Maestro on Android emulator (native-debug)	Upload Maestro results	2026-10-10T06:55:11.9012203Z   E2E_APP_URL: rnstarter-dev://
Maestro on Android emulator (native-debug)	Upload Maestro results	2026-10-10T06:55:11.9012359Z   ANDROID_AVD_HOME: /home/runner/.android/avd
Maestro on Android emulator (native-debug)	Upload Maestro results	2026-10-10T06:55:11.9012528Z ##[endgroup]
Maestro on Android emulator (native-debug)	Upload Maestro results	2026-10-10T06:55:12.0142858Z (node:6099) [DEP0040] DeprecationWarning: The `punycode` module is deprecated. Please use a userland alternative instead.
Maestro on Android emulator (native-debug)	Upload Maestro results	2026-10-10T06:55:12.0143693Z (Use `node --trace-deprecation ...` to show where the warning was created)
Maestro on Android emulator (native-debug)	Upload Maestro results	2026-10-10T06:55:12.0318918Z With the provided path, there will be 87 files uploaded
Maestro on Android emulator (native-debug)	Upload Maestro results	2026-10-10T06:55:12.0322327Z Artifact name is valid!
Maestro on Android emulator (native-debug)	Upload Maestro results	2026-10-10T06:55:12.0322606Z Root directory input is valid!
Maestro on Android emulator (native-debug)	Upload Maestro results	2026-10-10T06:55:12.4090187Z Beginning upload of artifact content to blob storage
Maestro on Android emulator (native-debug)	Upload Maestro results	2026-10-10T06:55:12.5519156Z (node:6099) [DEP0169] DeprecationWarning: `url.parse()` behavior is not standardized and prone to errors that have security implications. Use the WHATWG URL API instead. CVEs are not issued for `url.parse()` vulnerabilities.
Maestro on Android emulator (native-debug)	Upload Maestro results	2026-10-10T06:55:12.8466229Z Uploaded bytes 1912212
Maestro on Android emulator (native-debug)	Upload Maestro results	2026-10-10T06:55:12.8815807Z Finished uploading artifact content to blob storage!
Maestro on Android emulator (native-debug)	Upload Maestro results	2026-10-10T06:55:12.8816377Z SHA256 digest of uploaded artifact zip is 7eab488ad5a90e08050115de1889e1cd8bd1d9b2023409dbb3b85d4eddeaddc3
Maestro on Android emulator (native-debug)	Upload Maestro results	2026-10-10T06:55:12.8817588Z Finalizing artifact upload
Maestro on Android emulator (native-debug)	Upload Maestro results	2026-10-10T06:55:13.0867283Z Artifact e2e-android-native-debug-results.zip successfully finalized. Artifact ID 11663016296
Maestro on Android emulator (native-debug)	Upload Maestro results	2026-10-10T06:55:13.0868349Z Artifact e2e-android-native-debug-results has been successfully uploaded! Final size is 1912212 bytes. Artifact ID is 11663016296
Maestro on Android emulator (native-debug)	Upload Maestro results	2026-10-10T06:55:13.0872575Z Artifact download URL: https://github.com/koniz-dev/react-native-starter/actions/runs/38031825140/artifacts/11663016296
Maestro on Android emulator (native-debug)	Post Set up Java 17 (Maestro)	﻿2026-10-10T06:55:13.1139837Z Post job cleanup.
Maestro on Android emulator (native-debug)	Post Set up Java 17 (Maestro)	2026-10-10T06:55:13.2528784Z (node:6112) [DEP0040] DeprecationWarning: The `punycode` module is deprecated. Please use a userland alternative instead.
Maestro on Android emulator (native-debug)	Post Set up Java 17 (Maestro)	2026-10-10T06:55:13.2529596Z (Use `node --trace-deprecation ...` to show where the warning was created)
Maestro on Android emulator (native-debug)	Post Set up Node.js	﻿2026-10-10T06:55:13.2733858Z Post job cleanup.
Maestro on Android emulator (native-debug)	Post Set up Node.js	2026-10-10T06:55:13.3606424Z (node:6120) [DEP0040] DeprecationWarning: The `punycode` module is deprecated. Please use a userland alternative instead.
Maestro on Android emulator (native-debug)	Post Set up Node.js	2026-10-10T06:55:13.3607202Z (Use `node --trace-deprecation ...` to show where the warning was created)
Maestro on Android emulator (native-debug)	Post Set up Node.js	2026-10-10T06:55:13.3608800Z Cache hit occurred on the primary key node-cache-Linux-x64-npm-10f9dc59c99c82563481e37a50745bae137261a45ffc8c4ba105eb544b91396b, not saving cache.
Maestro on Android emulator (native-debug)	Post Check out repository	﻿2026-10-10T06:55:13.3763878Z Post job cleanup.
Maestro on Android emulator (native-debug)	Post Check out repository	2026-10-10T06:55:13.4382134Z [command]/usr/bin/git version
Maestro on Android emulator (native-debug)	Post Check out repository	2026-10-10T06:55:13.4412511Z git version 2.55.0
Maestro on Android emulator (native-debug)	Post Check out repository	2026-10-10T06:55:13.4436399Z Temporarily overriding HOME='/home/runner/work/_temp/99bf5971-36b8-4fb5-8b18-2b603b70386a' before making global git config changes
Maestro on Android emulator (native-debug)	Post Check out repository	2026-10-10T06:55:13.4437208Z Adding repository directory to the temporary git global config as a safe directory
Maestro on Android emulator (native-debug)	Post Check out repository	2026-10-10T06:55:13.4440796Z [command]/usr/bin/git config --global --add safe.directory /home/runner/work/react-native-starter/react-native-starter
Maestro on Android emulator (native-debug)	Post Check out repository	2026-10-10T06:55:13.4469335Z [command]/usr/bin/git config --local --name-only --get-regexp core\.sshCommand
Maestro on Android emulator (native-debug)	Post Check out repository	2026-10-10T06:55:13.4496472Z [command]/usr/bin/git submodule foreach --recursive sh -c "git config --local --name-only --get-regexp 'core\.sshCommand' && git config --local --unset-all 'core.sshCommand' || :"
Maestro on Android emulator (native-debug)	Post Check out repository	2026-10-10T06:55:13.4715783Z [command]/usr/bin/git config --local --name-only --get-regexp http\.https\:\/\/github\.com\/\.extraheader
Maestro on Android emulator (native-debug)	Post Check out repository	2026-10-10T06:55:13.4743600Z http.https://github.com/.extraheader
Maestro on Android emulator (native-debug)	Post Check out repository	2026-10-10T06:55:13.4754439Z [command]/usr/bin/git config --local --unset-all http.https://github.com/.extraheader
Maestro on Android emulator (native-debug)	Post Check out repository	2026-10-10T06:55:13.4791914Z [command]/usr/bin/git submodule foreach --recursive sh -c "git config --local --name-only --get-regexp 'http\.https\:\/\/github\.com\/\.extraheader' && git config --local --unset-all 'http.https://github.com/.extraheader' || :"
Maestro on Android emulator (native-debug)	Post Check out repository	2026-10-10T06:55:13.4978844Z [command]/usr/bin/git config --local --name-only --get-regexp ^includeIf\.gitdir:
Maestro on Android emulator (native-debug)	Post Check out repository	2026-10-10T06:55:13.5007743Z [command]/usr/bin/git submodule foreach --recursive git config --local --show-origin --name-only --get-regexp remote.origin.url
Maestro on Android emulator (native-debug)	Complete job	﻿2026-10-10T06:55:13.5308115Z Cleaning up orphan processes
Maestro on Android emulator (native-debug)	Complete job	2026-10-10T06:55:13.5649719Z Terminate orphan process: pid (2311) (java)
Maestro on Android emulator (native-debug)	Complete job	2026-10-10T06:55:13.5671654Z Terminate orphan process: pid (2531) (java)
Maestro on Android emulator (native-debug)	Complete job	2026-10-10T06:55:13.5766432Z Terminate orphan process: pid (4790) (adb)
Maestro on Android emulator (native-debug)	Complete job	2026-10-10T06:55:13.5808844Z ##[warning]Node.js 20 is deprecated. The following actions target Node.js 20 but are being forced to run on Node.js 24: actions/checkout@v4, actions/setup-java@v4, actions/setup-node@v4, actions/upload-artifact@v4. For more information see: https://github.blog/changelog/2025-09-19-deprecation-of-node-20-on-github-actions-runners/
